[
    {
        "vol": 127, 
        "duration": 0.102993197, 
        "startTime": 0.0, 
        "pitch": 71
    }, 
    {
        "vol": 127, 
        "duration": 0.104013606, 
        "startTime": 0.102993197, 
        "pitch": 69
    }, 
    {
        "vol": 127, 
        "duration": 0.10299319700000001, 
        "startTime": 0.207006803, 
        "pitch": 68
    }, 
    {
        "vol": 127, 
        "duration": 0.10399092999999998, 
        "startTime": 0.31, 
        "pitch": 69
    }, 
    {
        "vol": 127, 
        "duration": 0.207006802, 
        "startTime": 0.41399093, 
        "pitch": 72
    }, 
    {
        "vol": 127, 
        "duration": 0.207006802, 
        "startTime": 0.41399093, 
        "pitch": 57
    }, 
    {
        "vol": 127, 
        "duration": 0.20700680300000007, 
        "startTime": 0.620997732, 
        "pitch": 64
    }, 
    {
        "vol": 127, 
        "duration": 0.20700680300000007, 
        "startTime": 0.620997732, 
        "pitch": 60
    }, 
    {
        "vol": 127, 
        "duration": 0.10299319699999998, 
        "startTime": 0.828004535, 
        "pitch": 74
    }, 
    {
        "vol": 127, 
        "duration": 0.20598639500000004, 
        "startTime": 0.828004535, 
        "pitch": 64
    }, 
    {
        "vol": 127, 
        "duration": 0.20598639500000004, 
        "startTime": 0.828004535, 
        "pitch": 60
    }, 
    {
        "vol": 127, 
        "duration": 0.10299319800000006, 
        "startTime": 0.930997732, 
        "pitch": 72
    }, 
    {
        "vol": 127, 
        "duration": 0.10401360500000001, 
        "startTime": 1.03399093, 
        "pitch": 71
    }, 
    {
        "vol": 127, 
        "duration": 0.207006802, 
        "startTime": 1.03399093, 
        "pitch": 64
    }, 
    {
        "vol": 127, 
        "duration": 0.207006802, 
        "startTime": 1.03399093, 
        "pitch": 60
    }, 
    {
        "vol": 127, 
        "duration": 0.10299319699999998, 
        "startTime": 1.138004535, 
        "pitch": 72
    }, 
    {
        "vol": 127, 
        "duration": 0.20700680299999985, 
        "startTime": 1.240997732, 
        "pitch": 76
    }, 
    {
        "vol": 127, 
        "duration": 0.20700680299999985, 
        "startTime": 1.240997732, 
        "pitch": 57
    }, 
    {
        "vol": 127, 
        "duration": 0.20700680300000007, 
        "startTime": 1.448004535, 
        "pitch": 64
    }, 
    {
        "vol": 127, 
        "duration": 0.20700680300000007, 
        "startTime": 1.448004535, 
        "pitch": 60
    }, 
    {
        "vol": 127, 
        "duration": 0.10399092999999993, 
        "startTime": 1.655011338, 
        "pitch": 77
    }, 
    {
        "vol": 127, 
        "duration": 0.2069841269999999, 
        "startTime": 1.655011338, 
        "pitch": 64
    }, 
    {
        "vol": 127, 
        "duration": 0.2069841269999999, 
        "startTime": 1.655011338, 
        "pitch": 60
    }, 
    {
        "vol": 127, 
        "duration": 0.10299319699999998, 
        "startTime": 1.759002268, 
        "pitch": 76
    }, 
    {
        "vol": 127, 
        "duration": 0.10401360500000001, 
        "startTime": 1.861995465, 
        "pitch": 75
    }, 
    {
        "vol": 127, 
        "duration": 0.2070068030000003, 
        "startTime": 1.861995465, 
        "pitch": 64
    }, 
    {
        "vol": 127, 
        "duration": 0.2070068030000003, 
        "startTime": 1.861995465, 
        "pitch": 60
    }, 
    {
        "vol": 127, 
        "duration": 0.10299319800000029, 
        "startTime": 1.96600907, 
        "pitch": 76
    }, 
    {
        "vol": 127, 
        "duration": 0.10299319699999998, 
        "startTime": 2.069002268, 
        "pitch": 83
    }, 
    {
        "vol": 127, 
        "duration": 0.207006802, 
        "startTime": 2.069002268, 
        "pitch": 57
    }, 
    {
        "vol": 127, 
        "duration": 0.10401360500000001, 
        "startTime": 2.171995465, 
        "pitch": 81
    }, 
    {
        "vol": 127, 
        "duration": 0.10299319799999962, 
        "startTime": 2.27600907, 
        "pitch": 80
    }, 
    {
        "vol": 127, 
        "duration": 0.20698412699999968, 
        "startTime": 2.27600907, 
        "pitch": 64
    }, 
    {
        "vol": 127, 
        "duration": 0.20698412699999968, 
        "startTime": 2.27600907, 
        "pitch": 60
    }, 
    {
        "vol": 127, 
        "duration": 0.10399092900000007, 
        "startTime": 2.379002268, 
        "pitch": 81
    }, 
    {
        "vol": 127, 
        "duration": 0.10301587299999992, 
        "startTime": 2.482993197, 
        "pitch": 83
    }, 
    {
        "vol": 127, 
        "duration": 0.20700680300000007, 
        "startTime": 2.482993197, 
        "pitch": 57
    }, 
    {
        "vol": 127, 
        "duration": 0.10399093000000015, 
        "startTime": 2.58600907, 
        "pitch": 81
    }, 
    {
        "vol": 127, 
        "duration": 0.10299319699999998, 
        "startTime": 2.69, 
        "pitch": 80
    }, 
    {
        "vol": 127, 
        "duration": 0.20700680300000007, 
        "startTime": 2.69, 
        "pitch": 64
    }, 
    {
        "vol": 127, 
        "duration": 0.20700680300000007, 
        "startTime": 2.69, 
        "pitch": 60
    }, 
    {
        "vol": 127, 
        "duration": 0.10401360600000009, 
        "startTime": 2.792993197, 
        "pitch": 81
    }, 
    {
        "vol": 127, 
        "duration": 0.41299319700000003, 
        "startTime": 2.897006803, 
        "pitch": 84
    }, 
    {
        "vol": 127, 
        "duration": 0.20598639399999996, 
        "startTime": 2.897006803, 
        "pitch": 57
    }
]