[
    {
        "vol": 127, 
        "duration": 0.487243905, 
        "startTime": 0.0, 
        "pitch": 36
    }, 
    {
        "vol": 127, 
        "duration": 0.6550243929999999, 
        "startTime": 0.017219512, 
        "pitch": 67
    }, 
    {
        "vol": 127, 
        "duration": 0.6550243929999999, 
        "startTime": 0.017219512, 
        "pitch": 64
    }, 
    {
        "vol": 127, 
        "duration": 0.6453658529999999, 
        "startTime": 0.017219512, 
        "pitch": 62
    }, 
    {
        "vol": 127, 
        "duration": 0.40980488000000004, 
        "startTime": 0.403365855, 
        "pitch": 43
    }, 
    {
        "vol": 127, 
        "duration": 0.67226829, 
        "startTime": 0.806707315, 
        "pitch": 62
    }, 
    {
        "vol": 127, 
        "duration": 0.6550487799999999, 
        "startTime": 0.806707315, 
        "pitch": 67
    }, 
    {
        "vol": 127, 
        "duration": 0.6625853700000001, 
        "startTime": 0.806707315, 
        "pitch": 64
    }, 
    {
        "vol": 127, 
        "duration": 1.64029268, 
        "startTime": 0.813170735, 
        "pitch": 52
    }, 
    {
        "vol": 127, 
        "duration": 0.3958292700000001, 
        "startTime": 1.603731705, 
        "pitch": 88
    }, 
    {
        "vol": 127, 
        "duration": 0.61202439, 
        "startTime": 1.613414635, 
        "pitch": 67
    }, 
    {
        "vol": 127, 
        "duration": 0.6217073199999998, 
        "startTime": 1.613414635, 
        "pitch": 62
    }, 
    {
        "vol": 127, 
        "duration": 0.62814634, 
        "startTime": 1.613414635, 
        "pitch": 64
    }, 
    {
        "vol": 127, 
        "duration": 0.39690243999999986, 
        "startTime": 1.619878045, 
        "pitch": 76
    }, 
    {
        "vol": 127, 
        "duration": 0.4194878000000002, 
        "startTime": 2.007097565, 
        "pitch": 77
    }, 
    {
        "vol": 127, 
        "duration": 0.38612195000000016, 
        "startTime": 2.016780485, 
        "pitch": 89
    }, 
    {
        "vol": 127, 
        "duration": 0.6453658600000001, 
        "startTime": 2.386780485, 
        "pitch": 64
    }, 
    {
        "vol": 127, 
        "duration": 0.65504878, 
        "startTime": 2.393219515, 
        "pitch": 67
    }, 
    {
        "vol": 127, 
        "duration": 0.6486097499999999, 
        "startTime": 2.393219515, 
        "pitch": 62
    }, 
    {
        "vol": 127, 
        "duration": 0.3958292700000001, 
        "startTime": 2.410439025, 
        "pitch": 74
    }, 
    {
        "vol": 127, 
        "duration": 0.42702439000000014, 
        "startTime": 2.420121955, 
        "pitch": 36
    }, 
    {
        "vol": 127, 
        "duration": 0.40334146000000004, 
        "startTime": 2.420121955, 
        "pitch": 86
    }, 
    {
        "vol": 127, 
        "duration": 0.4463658599999998, 
        "startTime": 2.813804875, 
        "pitch": 76
    }, 
    {
        "vol": 127, 
        "duration": 0.4098292699999999, 
        "startTime": 2.823463415, 
        "pitch": 43
    }, 
    {
        "vol": 127, 
        "duration": 0.42058536999999996, 
        "startTime": 2.823463415, 
        "pitch": 88
    }, 
    {
        "vol": 127, 
        "duration": 0.6722682900000003, 
        "startTime": 3.209609755, 
        "pitch": 60
    }, 
    {
        "vol": 127, 
        "duration": 0.6647316999999999, 
        "startTime": 3.217146345, 
        "pitch": 65
    }, 
    {
        "vol": 127, 
        "duration": 0.6722682899999999, 
        "startTime": 3.217146345, 
        "pitch": 67
    }, 
    {
        "vol": 127, 
        "duration": 1.6058780499999998, 
        "startTime": 3.217146345, 
        "pitch": 53
    }, 
    {
        "vol": 127, 
        "duration": 1.59619513, 
        "startTime": 3.226829265, 
        "pitch": 72
    }, 
    {
        "vol": 127, 
        "duration": 1.5628536600000005, 
        "startTime": 3.233292685, 
        "pitch": 84
    }, 
    {
        "vol": 127, 
        "duration": 0.72280488, 
        "startTime": 4.023853655, 
        "pitch": 67
    }, 
    {
        "vol": 127, 
        "duration": 0.6959268299999994, 
        "startTime": 4.033536585, 
        "pitch": 65
    }, 
    {
        "vol": 127, 
        "duration": 0.6894634100000001, 
        "startTime": 4.033536585, 
        "pitch": 60
    }, 
    {
        "vol": 127, 
        "duration": 1.6467561000000002, 
        "startTime": 4.830560975, 
        "pitch": 67
    }, 
    {
        "vol": 127, 
        "duration": 0.34312194999999956, 
        "startTime": 4.840243905, 
        "pitch": 50
    }, 
    {
        "vol": 127, 
        "duration": 2.3760243899999995, 
        "startTime": 4.840243905, 
        "pitch": 79
    }, 
    {
        "vol": 127, 
        "duration": 0.6389024399999998, 
        "startTime": 4.846707315, 
        "pitch": 65
    }, 
    {
        "vol": 127, 
        "duration": 0.6389024399999998, 
        "startTime": 4.846707315, 
        "pitch": 60
    }, 
    {
        "vol": 127, 
        "duration": 0.4463658600000002, 
        "startTime": 5.233926825, 
        "pitch": 52
    }, 
    {
        "vol": 127, 
        "duration": 0.6819512100000003, 
        "startTime": 5.620048785, 
        "pitch": 60
    }, 
    {
        "vol": 127, 
        "duration": 0.6453658600000001, 
        "startTime": 5.629731705, 
        "pitch": 65
    }, 
    {
        "vol": 127, 
        "duration": 0.40336585000000014, 
        "startTime": 5.637268295, 
        "pitch": 53
    }, 
    {
        "vol": 127, 
        "duration": 0.40982927000000036, 
        "startTime": 6.050292685, 
        "pitch": 55
    }, 
    {
        "vol": 127, 
        "duration": 0.43024390999999973, 
        "startTime": 6.443975605, 
        "pitch": 36
    }, 
    {
        "vol": 127, 
        "duration": 0.6216829200000005, 
        "startTime": 6.460121955, 
        "pitch": 64
    }, 
    {
        "vol": 127, 
        "duration": 0.01719512000000023, 
        "startTime": 6.460121955, 
        "pitch": 67
    }, 
    {
        "vol": 127, 
        "duration": 0.6216829299999995, 
        "startTime": 6.470878045, 
        "pitch": 62
    }, 
    {
        "vol": 127, 
        "duration": 0.41302438999999946, 
        "startTime": 6.847341465, 
        "pitch": 43
    }, 
    {
        "vol": 127, 
        "duration": 0.63892683, 
        "startTime": 7.233463415, 
        "pitch": 62
    }, 
    {
        "vol": 127, 
        "duration": 0.6486097600000003, 
        "startTime": 7.233463415, 
        "pitch": 64
    }, 
    {
        "vol": 127, 
        "duration": 0.63892683, 
        "startTime": 7.243146345, 
        "pitch": 67
    }, 
    {
        "vol": 127, 
        "duration": 1.6747073199999996, 
        "startTime": 7.266829265, 
        "pitch": 52
    }, 
    {
        "vol": 127, 
        "duration": 0.6324634200000006, 
        "startTime": 8.022975605, 
        "pitch": 64
    }, 
    {
        "vol": 127, 
        "duration": 0.6281463400000007, 
        "startTime": 8.033731705, 
        "pitch": 67
    }, 
    {
        "vol": 127, 
        "duration": 0.5948048800000016, 
        "startTime": 8.033731705, 
        "pitch": 62
    }, 
    {
        "vol": 127, 
        "duration": 0.4270243899999997, 
        "startTime": 8.067073175, 
        "pitch": 88
    }, 
    {
        "vol": 127, 
        "duration": 0.4140975600000001, 
        "startTime": 8.073536585, 
        "pitch": 76
    }, 
    {
        "vol": 127, 
        "duration": 0.40334146000000004, 
        "startTime": 8.470439025, 
        "pitch": 89
    }, 
    {
        "vol": 127, 
        "duration": 0.39365854000000056, 
        "startTime": 8.470439025, 
        "pitch": 77
    }, 
    {
        "vol": 127, 
        "duration": 0.6894634199999992, 
        "startTime": 8.829682925, 
        "pitch": 67
    }, 
    {
        "vol": 127, 
        "duration": 0.6324634200000006, 
        "startTime": 8.829682925, 
        "pitch": 62
    }, 
    {
        "vol": 127, 
        "duration": 0.5711463400000003, 
        "startTime": 8.840439025, 
        "pitch": 64
    }, 
    {
        "vol": 127, 
        "duration": 0.47112195000000057, 
        "startTime": 8.873780485, 
        "pitch": 36
    }, 
    {
        "vol": 127, 
        "duration": 0.3764634200000003, 
        "startTime": 8.873780485, 
        "pitch": 74
    }, 
    {
        "vol": 127, 
        "duration": 0.38721950999999954, 
        "startTime": 8.880243905, 
        "pitch": 86
    }, 
    {
        "vol": 127, 
        "duration": 0.40334146000000004, 
        "startTime": 9.267463415, 
        "pitch": 76
    }, 
    {
        "vol": 127, 
        "duration": 0.4098292600000004, 
        "startTime": 9.277121955, 
        "pitch": 43
    }, 
    {
        "vol": 127, 
        "duration": 0.42058536000000046, 
        "startTime": 9.277121955, 
        "pitch": 88
    }, 
    {
        "vol": 127, 
        "duration": 0.6711951250000006, 
        "startTime": 9.670804875, 
        "pitch": 67
    }, 
    {
        "vol": 127, 
        "duration": 0.6808536650000008, 
        "startTime": 9.670804875, 
        "pitch": 60
    }, 
    {
        "vol": 127, 
        "duration": 1.542414635, 
        "startTime": 9.680487805, 
        "pitch": 53
    }, 
    {
        "vol": 127, 
        "duration": 1.6962439049999993, 
        "startTime": 9.680487805, 
        "pitch": 72
    }, 
    {
        "vol": 127, 
        "duration": 0.6647073250000002, 
        "startTime": 9.686951215, 
        "pitch": 65
    }, 
    {
        "vol": 127, 
        "duration": 1.679024394999999, 
        "startTime": 9.697707315, 
        "pitch": 84
    }, 
    {
        "vol": 127, 
        "duration": 0.736780490000001, 
        "startTime": 10.49687805, 
        "pitch": 65
    }, 
    {
        "vol": 127, 
        "duration": 0.736780490000001, 
        "startTime": 10.49687805, 
        "pitch": 67
    }, 
    {
        "vol": 127, 
        "duration": 1.8220731700000012, 
        "startTime": 11.34768293, 
        "pitch": 79
    }, 
    {
        "vol": 127, 
        "duration": 0.4496097600000013, 
        "startTime": 11.35843903, 
        "pitch": 53
    }, 
    {
        "vol": 127, 
        "duration": 1.5800731700000004, 
        "startTime": 11.35843903, 
        "pitch": 91
    }, 
    {
        "vol": 127, 
        "duration": 0.7045365799999992, 
        "startTime": 11.38424391, 
        "pitch": 60
    }, 
    {
        "vol": 127, 
        "duration": 0.6926829199999993, 
        "startTime": 11.39609757, 
        "pitch": 67
    }, 
    {
        "vol": 127, 
        "duration": 0.6926829199999993, 
        "startTime": 11.39609757, 
        "pitch": 65
    }
]