[
    {
        "vol": 0.7086614173228346,
        "duration": 1.0294939187499894,
        "startTime": 0,
        "pitch": 62
    },
    {
        "vol": 0.6456692913385826,
        "duration": 1.0014040437499894,
        "startTime": 0.043539306249999576,
        "pitch": 66
    },
    {
        "vol": 0.7401574803149606,
        "duration": 0.1741572249999983,
        "startTime": 0.09831456249999881,
        "pitch": 71
    },
    {
        "vol": 0.6929133858267716,
        "duration": 0.07303367499999869,
        "startTime": 0.26825830624999725,
        "pitch": 74
    },
    {
        "vol": 0.7480314960629921,
        "duration": 0.06039323124999907,
        "startTime": 0.35674141249999636,
        "pitch": 73
    },
    {
        "vol": 0.6220472440944882,
        "duration": 0.08286513124999928,
        "startTime": 0.4480335062499945,
        "pitch": 71
    },
    {
        "vol": 0.7086614173228346,
        "duration": 0.06741569999999886,
        "startTime": 0.5337076249999937,
        "pitch": 70
    },
    {
        "vol": 0.7086614173228346,
        "duration": 0.977527649999991,
        "startTime": 0.6292131999999926,
        "pitch": 71
    },
    {
        "vol": 0.6456692913385826,
        "duration": 0.5435390812499952,
        "startTime": 2.0098305562499803,
        "pitch": 62
    },
    {
        "vol": 0.7559055118110236,
        "duration": 0.4634829374999958,
        "startTime": 2.0884822062499797,
        "pitch": 66
    },
    {
        "vol": 0.8110236220472441,
        "duration": 0.31039311874999687,
        "startTime": 2.167133856249979,
        "pitch": 71
    },
    {
        "vol": 0.7874015748031497,
        "duration": 0.3862357812499928,
        "startTime": 2.4691000124999762,
        "pitch": 73
    },
    {
        "vol": 0.7874015748031497,
        "duration": 0.38764027499999454,
        "startTime": 2.859549274999969,
        "pitch": 74
    },
    {
        "vol": 0.7952755905511811,
        "duration": 0.4578649624999871,
        "startTime": 3.2471895499999635,
        "pitch": 76
    },
    {
        "vol": 0.8976377952755905,
        "duration": 0.7752805499999766,
        "startTime": 3.754211793749949,
        "pitch": 78
    },
    {
        "vol": 0.7716535433070866,
        "duration": 0.7499996624999774,
        "startTime": 4.183986881249936,
        "pitch": 74
    },
    {
        "vol": 0.889763779527559,
        "duration": 0.797752449999976,
        "startTime": 4.598312537499924,
        "pitch": 78
    },
    {
        "vol": 0.8110236220472441,
        "duration": 2.2991562687499307,
        "startTime": 5.05196401874991,
        "pitch": 74
    },
    {
        "vol": 0.8346456692913385,
        "duration": 1.8525272562499442,
        "startTime": 5.4971885374998966,
        "pitch": 78
    },
    {
        "vol": 0.8267716535433071,
        "duration": 0.6685390249999799,
        "startTime": 6.168536549999876,
        "pitch": 66
    },
    {
        "vol": 0.84251968503937,
        "duration": 0.6404491499999807,
        "startTime": 7.351120287499841,
        "pitch": 66
    },
    {
        "vol": 0.8110236220472441,
        "duration": 0.47893236874998557,
        "startTime": 7.519659537499836,
        "pitch": 74
    },
    {
        "vol": 0.7086614173228346,
        "duration": 0.6376401624999808,
        "startTime": 8.01685032499982,
        "pitch": 64
    },
    {
        "vol": 0.8267716535433071,
        "duration": 0.33146052499999,
        "startTime": 8.191007549999815,
        "pitch": 78
    },
    {
        "vol": 0.8031496062992126,
        "duration": 0.43258407499998697,
        "startTime": 8.207861474999815,
        "pitch": 73
    },
    {
        "vol": 0.8188976377952756,
        "duration": 0.1629212749999951,
        "startTime": 8.528086049999805,
        "pitch": 74
    },
    {
        "vol": 0.7952755905511811,
        "duration": 0.3946627437499881,
        "startTime": 8.7219061874998,
        "pitch": 62
    },
    {
        "vol": 0.7401574803149606,
        "duration": 0.5772469312499826,
        "startTime": 8.876400499999795,
        "pitch": 47
    },
    {
        "vol": 0.8582677165354331,
        "duration": 0.45365148124998633,
        "startTime": 8.912917337499794,
        "pitch": 71
    },
    {
        "vol": 0.5984251968503937,
        "duration": 0.12078646249999636,
        "startTime": 9.193816087499785,
        "pitch": 59
    },
    {
        "vol": 0.5669291338582677,
        "duration": 0.11235949999999661,
        "startTime": 9.202243049999785,
        "pitch": 62
    },
    {
        "vol": 0.7874015748031497,
        "duration": 0.13764038749999585,
        "startTime": 9.202243049999785,
        "pitch": 59
    },
    {
        "vol": 0.7874015748031497,
        "duration": 0.15449431249999535,
        "startTime": 9.202243049999785,
        "pitch": 62
    },
    {
        "vol": 0.7874015748031497,
        "duration": 0.11235949999999661,
        "startTime": 9.202243049999785,
        "pitch": 66
    },
    {
        "vol": 0.6299212598425197,
        "duration": 0.497190787499985,
        "startTime": 9.202243049999785,
        "pitch": 62
    },
    {
        "vol": 0.6771653543307087,
        "duration": 0.1629212749999951,
        "startTime": 9.210670012499785,
        "pitch": 66
    },
    {
        "vol": 0.5984251968503937,
        "duration": 0.6179772499999814,
        "startTime": 9.37078229999978,
        "pitch": 66
    },
    {
        "vol": 0.6614173228346457,
        "duration": 0.37078634999998883,
        "startTime": 9.425557556249778,
        "pitch": 54
    },
    {
        "vol": 0.6456692913385826,
        "duration": 0.3778088187499886,
        "startTime": 9.428366543749778,
        "pitch": 62
    },
    {
        "vol": 0.6141732283464567,
        "duration": 0.28089874999999154,
        "startTime": 9.70786079999977,
        "pitch": 62
    },
    {
        "vol": 0.8188976377952756,
        "duration": 0.1629212749999951,
        "startTime": 9.70786079999977,
        "pitch": 69
    },
    {
        "vol": 0.6535433070866141,
        "duration": 0.028089874999999154,
        "startTime": 9.738759662499769,
        "pitch": 47
    },
    {
        "vol": 0.5984251968503937,
        "duration": 0.12078646249999636,
        "startTime": 9.867973087499765,
        "pitch": 59
    },
    {
        "vol": 0.7716535433070866,
        "duration": 0.33146052499999,
        "startTime": 9.876400049999765,
        "pitch": 71
    },
    {
        "vol": 0.8188976377952756,
        "duration": 0.9845501187499703,
        "startTime": 9.876400049999765,
        "pitch": 71
    },
    {
        "vol": 0.7952755905511811,
        "duration": 0.11516848749999653,
        "startTime": 9.876400049999765,
        "pitch": 59
    },
    {
        "vol": 0.7952755905511811,
        "duration": 0.12078646249999636,
        "startTime": 9.876400049999765,
        "pitch": 66
    },
    {
        "vol": 0.7874015748031497,
        "duration": 0.1390448812499958,
        "startTime": 9.876400049999765,
        "pitch": 62
    },
    {
        "vol": 0.6456692913385826,
        "duration": 0.24016843124999276,
        "startTime": 9.876400049999765,
        "pitch": 62
    },
    {
        "vol": 0.5354330708661418,
        "duration": 0.21629203749999348,
        "startTime": 9.884827012499764,
        "pitch": 54
    },
    {
        "vol": 0.6929133858267716,
        "duration": 0.6573030749999802,
        "startTime": 9.884827012499764,
        "pitch": 66
    },
    {
        "vol": 0.5826771653543307,
        "duration": 0.31320210624999056,
        "startTime": 9.893253974999764,
        "pitch": 62
    },
    {
        "vol": 0.5669291338582677,
        "duration": 0.44943799999998646,
        "startTime": 10.213478549999754,
        "pitch": 62
    },
    {
        "vol": 0.7952755905511811,
        "duration": 1.2471904499999749,
        "startTime": 10.247186399999753,
        "pitch": 47
    },
    {
        "vol": 0.6299212598425197,
        "duration": 0.12078646249999636,
        "startTime": 10.542130087499745,
        "pitch": 59
    },
    {
        "vol": 0.6299212598425197,
        "duration": 0.11235949999999661,
        "startTime": 10.550557049999744,
        "pitch": 66
    },
    {
        "vol": 0.7874015748031497,
        "duration": 0.11657298124999649,
        "startTime": 10.550557049999744,
        "pitch": 59
    },
    {
        "vol": 0.7874015748031497,
        "duration": 0.12359544999999628,
        "startTime": 10.550557049999744,
        "pitch": 62
    },
    {
        "vol": 0.7874015748031497,
        "duration": 0.1264044374999962,
        "startTime": 10.550557049999744,
        "pitch": 66
    },
    {
        "vol": 0.6456692913385826,
        "duration": 0.2879212187499913,
        "startTime": 10.550557049999744,
        "pitch": 62
    },
    {
        "vol": 0.6771653543307087,
        "duration": 0.2851122312499914,
        "startTime": 10.558984012499744,
        "pitch": 66
    },
    {
        "vol": 0.6456692913385826,
        "duration": 0.4508424937499864,
        "startTime": 10.724714274999739,
        "pitch": 54
    },
    {
        "vol": 0.6456692913385826,
        "duration": 0.1629212749999951,
        "startTime": 10.749995162499738,
        "pitch": 62
    },
    {
        "vol": 0.5826771653543307,
        "duration": 0.33005603124999006,
        "startTime": 10.845500737499735,
        "pitch": 62
    },
    {
        "vol": 0.5826771653543307,
        "duration": 0.06741569999999797,
        "startTime": 10.873590612499735,
        "pitch": 71
    },
    {
        "vol": 0.8031496062992126,
        "duration": 0.1755617187499947,
        "startTime": 10.901680487499734,
        "pitch": 74
    },
    {
        "vol": 0.7874015748031497,
        "duration": 0.14044937499999577,
        "startTime": 11.071624231249729,
        "pitch": 73
    },
    {
        "vol": 0.6692913385826772,
        "duration": 0.12078646249999636,
        "startTime": 11.216287087499724,
        "pitch": 59
    },
    {
        "vol": 0.5984251968503937,
        "duration": 0.165730262499995,
        "startTime": 11.217691581249724,
        "pitch": 71
    },
    {
        "vol": 0.8188976377952756,
        "duration": 0.331460525000006,
        "startTime": 11.224714049999724,
        "pitch": 76
    },
    {
        "vol": 0.7952755905511811,
        "duration": 0.11235949999999661,
        "startTime": 11.224714049999724,
        "pitch": 62
    },
    {
        "vol": 0.7874015748031497,
        "duration": 0.13342690624999598,
        "startTime": 11.224714049999724,
        "pitch": 59
    },
    {
        "vol": 0.7874015748031497,
        "duration": 0.11235949999999661,
        "startTime": 11.224714049999724,
        "pitch": 66
    },
    {
        "vol": 0.6535433070866141,
        "duration": 0.14887633749999551,
        "startTime": 11.224714049999724,
        "pitch": 62
    },
    {
        "vol": 0.6929133858267716,
        "duration": 0.13483139999999594,
        "startTime": 11.233141012499724,
        "pitch": 66
    },
    {
        "vol": 0.5905511811023622,
        "duration": 0.23174146875000368,
        "startTime": 11.249994937499723,
        "pitch": 54
    },
    {
        "vol": 0.6220472440944882,
        "duration": 0.1601122875000005,
        "startTime": 11.258421899999723,
        "pitch": 62
    },
    {
        "vol": 0.8031496062992126,
        "duration": 0.14044937500000998,
        "startTime": 11.38342184374972,
        "pitch": 69
    },
    {
        "vol": 0.8267716535433071,
        "duration": 0.6685390250000474,
        "startTime": 11.561792549999733,
        "pitch": 74
    },
    {
        "vol": 0.8976377952755905,
        "duration": 0.9002804937500599,
        "startTime": 11.563197043749735,
        "pitch": 71
    },
    {
        "vol": 0.6771653543307087,
        "duration": 1.1264039875000798,
        "startTime": 11.567410524999737,
        "pitch": 43
    },
    {
        "vol": 0.6141732283464567,
        "duration": 0.12078646250001057,
        "startTime": 11.890444087499759,
        "pitch": 59
    },
    {
        "vol": 0.6614173228346457,
        "duration": 0.11657298125000892,
        "startTime": 11.89465756874976,
        "pitch": 62
    },
    {
        "vol": 0.7952755905511811,
        "duration": 0.12921342500000677,
        "startTime": 11.898871049999762,
        "pitch": 59
    },
    {
        "vol": 0.7874015748031497,
        "duration": 0.12078646250000702,
        "startTime": 11.898871049999762,
        "pitch": 62
    },
    {
        "vol": 0.7874015748031497,
        "duration": 0.11235950000000727,
        "startTime": 11.898871049999762,
        "pitch": 67
    },
    {
        "vol": 0.6377952755905512,
        "duration": 0.37499983125002245,
        "startTime": 11.898871049999762,
        "pitch": 62
    },
    {
        "vol": 0.6692913385826772,
        "duration": 0.12921342500000677,
        "startTime": 11.907298012499762,
        "pitch": 67
    },
    {
        "vol": 0.5748031496062992,
        "duration": 0.4775278750000318,
        "startTime": 12.053365362499768,
        "pitch": 50
    },
    {
        "vol": 0.6141732283464567,
        "duration": 0.6109547812500438,
        "startTime": 12.07443276874977,
        "pitch": 67
    },
    {
        "vol": 0.5590551181102362,
        "duration": 0.4311795812500243,
        "startTime": 12.089882199999774,
        "pitch": 59
    },
    {
        "vol": 0.5511811023622047,
        "duration": 0.2823032437500217,
        "startTime": 12.403084306249792,
        "pitch": 62
    },
    {
        "vol": 0.8188976377952756,
        "duration": 0.33146052500003265,
        "startTime": 12.404488799999793,
        "pitch": 74
    },
    {
        "vol": 0.6220472440944882,
        "duration": 0.12078646250001057,
        "startTime": 12.564601087499803,
        "pitch": 59
    },
    {
        "vol": 0.7952755905511811,
        "duration": 0.13342690625001552,
        "startTime": 12.573028049999806,
        "pitch": 59
    },
    {
        "vol": 0.7952755905511811,
        "duration": 0.13061791875001205,
        "startTime": 12.573028049999806,
        "pitch": 62
    },
    {
        "vol": 0.7874015748031497,
        "duration": 0.14887633750002038,
        "startTime": 12.573028049999806,
        "pitch": 67
    },
    {
        "vol": 0.6692913385826772,
        "duration": 0.14185386875001882,
        "startTime": 12.573028049999806,
        "pitch": 62
    },
    {
        "vol": 0.5511811023622047,
        "duration": 0.8188198562500801,
        "startTime": 12.575837037499806,
        "pitch": 71
    },
    {
        "vol": 0.6929133858267716,
        "duration": 0.34550546250003933,
        "startTime": 12.581455012499806,
        "pitch": 67
    },
    {
        "vol": 0.6614173228346457,
        "duration": 0.15870779375002186,
        "startTime": 12.603926912499809,
        "pitch": 50
    },
    {
        "vol": 0.5196850393700787,
        "duration": 0.1348314000000137,
        "startTime": 12.616567356249814,
        "pitch": 59
    },
    {
        "vol": 0.8188976377952756,
        "duration": 0.6685390250000616,
        "startTime": 12.741567299999826,
        "pitch": 74
    },
    {
        "vol": 0.5275590551181102,
        "duration": 0.4213481250000335,
        "startTime": 12.910106549999842,
        "pitch": 62
    },
    {
        "vol": 0.7322834645669292,
        "duration": 1.2542129187501168,
        "startTime": 12.933982943749847,
        "pitch": 43
    },
    {
        "vol": 0.6692913385826772,
        "duration": 0.0898876000000115,
        "startTime": 13.238758087499864,
        "pitch": 59
    },
    {
        "vol": 0.48031496062992124,
        "duration": 0.1025280437500129,
        "startTime": 13.245780556249866,
        "pitch": 67
    },
    {
        "vol": 0.7952755905511811,
        "duration": 0.11235950000001438,
        "startTime": 13.247185049999867,
        "pitch": 62
    },
    {
        "vol": 0.7952755905511811,
        "duration": 0.11235950000001438,
        "startTime": 13.247185049999867,
        "pitch": 67
    },
    {
        "vol": 0.7874015748031497,
        "duration": 0.11235950000001438,
        "startTime": 13.247185049999867,
        "pitch": 59
    },
    {
        "vol": 0.6771653543307087,
        "duration": 0.11797747500001421,
        "startTime": 13.247185049999867,
        "pitch": 62
    },
    {
        "vol": 0.7086614173228346,
        "duration": 0.14466285625001873,
        "startTime": 13.255612012499867,
        "pitch": 67
    },
    {
        "vol": 0.6220472440944882,
        "duration": 0.46629192500003924,
        "startTime": 13.448027656249888,
        "pitch": 50
    },
    {
        "vol": 0.6771653543307087,
        "duration": 0.5828649062500553,
        "startTime": 13.450836643749888,
        "pitch": 62
    },
    {
        "vol": 0.5669291338582677,
        "duration": 0.41011217500003383,
        "startTime": 13.499993924999892,
        "pitch": 59
    },
    {
        "vol": 0.6299212598425197,
        "duration": 0.2205055187500129,
        "startTime": 13.516847849999895,
        "pitch": 67
    },
    {
        "vol": 0.8110236220472441,
        "duration": 0.1460673500000098,
        "startTime": 13.6011174749999,
        "pitch": 74
    },
    {
        "vol": 0.6850393700787402,
        "duration": 0.1418538687500117,
        "startTime": 13.74858931874991,
        "pitch": 73
    },
    {
        "vol": 0.8267716535433071,
        "duration": 0.33146052500003975,
        "startTime": 13.752802799999913,
        "pitch": 74
    },
    {
        "vol": 0.6535433070866141,
        "duration": 0.12078646250001768,
        "startTime": 13.912915087499925,
        "pitch": 59
    },
    {
        "vol": 0.7952755905511811,
        "duration": 0.12219095625001586,
        "startTime": 13.921342049999929,
        "pitch": 59
    },
    {
        "vol": 0.7952755905511811,
        "duration": 0.13202241250001734,
        "startTime": 13.921342049999929,
        "pitch": 62
    },
    {
        "vol": 0.7874015748031497,
        "duration": 0.11235950000001438,
        "startTime": 13.921342049999929,
        "pitch": 67
    },
    {
        "vol": 0.6692913385826772,
        "duration": 0.5238761687500499,
        "startTime": 13.921342049999929,
        "pitch": 62
    },
    {
        "vol": 0.7165354330708661,
        "duration": 0.16713475625002516,
        "startTime": 13.92274654374993,
        "pitch": 71
    },
    {
        "vol": 0.6929133858267716,
        "duration": 0.13202241250001734,
        "startTime": 13.929769012499932,
        "pitch": 67
    },
    {
        "vol": 0.7086614173228346,
        "duration": 0.15028083125002567,
        "startTime": 13.977521799999934,
        "pitch": 50
    },
    {
        "vol": 0.6771653543307087,
        "duration": 0.19101115000002622,
        "startTime": 13.983139774999938,
        "pitch": 59
    },
    {
        "vol": 0.7637795275590551,
        "duration": 0.19101115000001911,
        "startTime": 14.08004984374995,
        "pitch": 73
    },
    {
        "vol": 0.8188976377952756,
        "duration": 0.6685390250000438,
        "startTime": 14.089881299999956,
        "pitch": 74
    },
    {
        "vol": 0.8503937007874016,
        "duration": 1.9676957437501557,
        "startTime": 14.259825043749967,
        "pitch": 74
    },
    {
        "vol": 0.7559055118110236,
        "duration": 1.231741018750089,
        "startTime": 14.296341881249973,
        "pitch": 50
    },
    {
        "vol": 0.6141732283464567,
        "duration": 0.11797747500001421,
        "startTime": 14.587072087499987,
        "pitch": 57
    },
    {
        "vol": 0.6377952755905512,
        "duration": 0.11376399375000901,
        "startTime": 14.594094556249992,
        "pitch": 62
    },
    {
        "vol": 0.7874015748031497,
        "duration": 0.11235950000000727,
        "startTime": 14.595499049999994,
        "pitch": 57
    },
    {
        "vol": 0.7874015748031497,
        "duration": 0.12921342500000677,
        "startTime": 14.595499049999994,
        "pitch": 62
    },
    {
        "vol": 0.7874015748031497,
        "duration": 0.11235950000000727,
        "startTime": 14.595499049999994,
        "pitch": 66
    },
    {
        "vol": 0.6299212598425197,
        "duration": 0.3202245750000223,
        "startTime": 14.595499049999994,
        "pitch": 62
    },
    {
        "vol": 0.6614173228346457,
        "duration": 0.12078646250000702,
        "startTime": 14.603926012499993,
        "pitch": 66
    },
    {
        "vol": 0.6141732283464567,
        "duration": 0.4719099000000355,
        "startTime": 14.764038300000003,
        "pitch": 66
    },
    {
        "vol": 0.8188976377952756,
        "duration": 0.1629212750000164,
        "startTime": 14.764038300000003,
        "pitch": 71
    },
    {
        "vol": 0.5826771653543307,
        "duration": 0.47752787500003535,
        "startTime": 14.764038300000003,
        "pitch": 57
    },
    {
        "vol": 0.5511811023622047,
        "duration": 0.5856738937500445,
        "startTime": 14.789319187500006,
        "pitch": 66
    },
    {
        "vol": 0.8267716535433071,
        "duration": 0.331460525000022,
        "startTime": 14.932577550000019,
        "pitch": 69
    },
    {
        "vol": 0.5354330708661418,
        "duration": 0.21207855625001315,
        "startTime": 15.102521293750033,
        "pitch": 62
    },
    {
        "vol": 0.6062992125984252,
        "duration": 0.10533703125000926,
        "startTime": 15.261229087500041,
        "pitch": 57
    },
    {
        "vol": 0.8267716535433071,
        "duration": 0.33146052500002554,
        "startTime": 15.269656050000041,
        "pitch": 76
    },
    {
        "vol": 0.7874015748031497,
        "duration": 0.11235950000001083,
        "startTime": 15.269656050000041,
        "pitch": 57
    },
    {
        "vol": 0.7874015748031497,
        "duration": 0.11235950000001083,
        "startTime": 15.269656050000041,
        "pitch": 62
    },
    {
        "vol": 0.7874015748031497,
        "duration": 0.11235950000001083,
        "startTime": 15.269656050000041,
        "pitch": 66
    },
    {
        "vol": 0.6377952755905512,
        "duration": 0.13061791875001205,
        "startTime": 15.269656050000041,
        "pitch": 62
    },
    {
        "vol": 0.6456692913385826,
        "duration": 0.2247190000000181,
        "startTime": 15.27808301250004,
        "pitch": 66
    },
    {
        "vol": 0.5748031496062992,
        "duration": 0.9353928375000784,
        "startTime": 15.297745925000044,
        "pitch": 69
    },
    {
        "vol": 0.6141732283464567,
        "duration": 0.21769653125001653,
        "startTime": 15.300554912500044,
        "pitch": 57
    },
    {
        "vol": 0.5039370078740157,
        "duration": 0.35814590625002296,
        "startTime": 15.324431306250048,
        "pitch": 66
    },
    {
        "vol": 0.6929133858267716,
        "duration": 1.2808983000001284,
        "startTime": 15.608139043750068,
        "pitch": 50
    },
    {
        "vol": 0.5433070866141733,
        "duration": 0.22331450625000926,
        "startTime": 15.62358847500007,
        "pitch": 62
    },
    {
        "vol": 0.5196850393700787,
        "duration": 0.27668526875002186,
        "startTime": 15.779487281250077,
        "pitch": 66
    },
    {
        "vol": 0.5826771653543307,
        "duration": 0.11095500625000909,
        "startTime": 15.935386087500088,
        "pitch": 57
    },
    {
        "vol": 0.7874015748031497,
        "duration": 0.11235950000000727,
        "startTime": 15.943813050000092,
        "pitch": 57
    },
    {
        "vol": 0.7874015748031497,
        "duration": 0.11235950000000727,
        "startTime": 15.943813050000092,
        "pitch": 62
    },
    {
        "vol": 0.7874015748031497,
        "duration": 0.12219095625000875,
        "startTime": 15.943813050000092,
        "pitch": 66
    },
    {
        "vol": 0.6299212598425197,
        "duration": 0.12219095625000875,
        "startTime": 15.943813050000092,
        "pitch": 62
    },
    {
        "vol": 0.6456692913385826,
        "duration": 0.23455045625002668,
        "startTime": 15.952240012500091,
        "pitch": 66
    },
    {
        "vol": 0.4881889763779528,
        "duration": 0.18258418750001937,
        "startTime": 15.955049000000091,
        "pitch": 62
    },
    {
        "vol": 0.5669291338582677,
        "duration": 0.5042132562500505,
        "startTime": 16.11094780625011,
        "pitch": 57
    },
    {
        "vol": 0.6929133858267716,
        "duration": 0.5800559187500554,
        "startTime": 16.150273631250112,
        "pitch": 62
    },
    {
        "vol": 0.5196850393700787,
        "duration": 0.42134812500003704,
        "startTime": 16.164318568750115,
        "pitch": 66
    },
    {
        "vol": 0.6929133858267716,
        "duration": 0.5252806625000446,
        "startTime": 16.205048887500123,
        "pitch": 66
    },
    {
        "vol": 0.8267716535433071,
        "duration": 0.15870779375001476,
        "startTime": 16.283700537500128,
        "pitch": 74
    },
    {
        "vol": 0.7165354330708661,
        "duration": 0.1727527312500179,
        "startTime": 16.44100383750014,
        "pitch": 73
    },
    {
        "vol": 0.8188976377952756,
        "duration": 0.33146052500003265,
        "startTime": 16.449430800000144,
        "pitch": 74
    },
    {
        "vol": 0.5590551181102362,
        "duration": 0.12078646250001057,
        "startTime": 16.609543087500157,
        "pitch": 57
    },
    {
        "vol": 0.7874015748031497,
        "duration": 0.17837070625002482,
        "startTime": 16.61375656875016,
        "pitch": 74
    },
    {
        "vol": 0.7874015748031497,
        "duration": 0.1221909562500123,
        "startTime": 16.61797005000016,
        "pitch": 57
    },
    {
        "vol": 0.7874015748031497,
        "duration": 0.12359545000001404,
        "startTime": 16.61797005000016,
        "pitch": 62
    },
    {
        "vol": 0.7874015748031497,
        "duration": 0.11376399375000901,
        "startTime": 16.61797005000016,
        "pitch": 66
    },
    {
        "vol": 0.6299212598425197,
        "duration": 0.5561795250000614,
        "startTime": 16.61797005000016,
        "pitch": 62
    },
    {
        "vol": 0.6614173228346457,
        "duration": 0.10674152500000744,
        "startTime": 16.626397012500163,
        "pitch": 66
    },
    {
        "vol": 0.5984251968503937,
        "duration": 0.17837070625002482,
        "startTime": 16.653082393750164,
        "pitch": 57
    },
    {
        "vol": 0.7086614173228346,
        "duration": 0.15589880625002195,
        "startTime": 16.658700368750164,
        "pitch": 66
    },
    {
        "vol": 0.8267716535433071,
        "duration": 0.1629212750000235,
        "startTime": 16.78650930000018,
        "pitch": 76
    },
    {
        "vol": 0.9133858267716536,
        "duration": 1.22471855000013,
        "startTime": 16.79072278125018,
        "pitch": 76
    },
    {
        "vol": 0.8267716535433071,
        "duration": 0.05898873750000888,
        "startTime": 16.955048550000203,
        "pitch": 74
    },
    {
        "vol": 0.7874015748031497,
        "duration": 1.057583793750105,
        "startTime": 16.956453043750205,
        "pitch": 73
    },
    {
        "vol": 0.7401574803149606,
        "duration": 1.2837072875001425,
        "startTime": 16.973306968750208,
        "pitch": 45
    },
    {
        "vol": 0.8188976377952756,
        "duration": 0.05898873750000533,
        "startTime": 17.03931817500021,
        "pitch": 74
    },
    {
        "vol": 0.8188976377952756,
        "duration": 0.058988737500001776,
        "startTime": 17.207857425000224,
        "pitch": 74
    },
    {
        "vol": 0.6220472440944882,
        "duration": 0.09550557500001489,
        "startTime": 17.28370008750023,
        "pitch": 57
    },
    {
        "vol": 0.5354330708661418,
        "duration": 0.10533703125001637,
        "startTime": 17.29072255625023,
        "pitch": 64
    },
    {
        "vol": 0.8267716535433071,
        "duration": 0.05898873750000533,
        "startTime": 17.292127050000232,
        "pitch": 74
    },
    {
        "vol": 0.7874015748031497,
        "duration": 0.11235950000001438,
        "startTime": 17.292127050000232,
        "pitch": 57
    },
    {
        "vol": 0.7874015748031497,
        "duration": 0.09831456250001125,
        "startTime": 17.292127050000232,
        "pitch": 61
    },
    {
        "vol": 0.7874015748031497,
        "duration": 0.11235950000001438,
        "startTime": 17.292127050000232,
        "pitch": 64
    },
    {
        "vol": 0.6141732283464567,
        "duration": 0.11235950000001438,
        "startTime": 17.292127050000232,
        "pitch": 61
    },
    {
        "vol": 0.6456692913385826,
        "duration": 0.6460671250000658,
        "startTime": 17.300554012500232,
        "pitch": 64
    },
    {
        "vol": 0.8267716535433071,
        "duration": 0.05898873750000533,
        "startTime": 17.460666300000252,
        "pitch": 74
    },
    {
        "vol": 0.6456692913385826,
        "duration": 0.47893236875004774,
        "startTime": 17.46909326250025,
        "pitch": 52
    },
    {
        "vol": 0.6535433070866141,
        "duration": 0.5393256000000548,
        "startTime": 17.473306743750253,
        "pitch": 69
    },
    {
        "vol": 0.5039370078740157,
        "duration": 0.4508424937500415,
        "startTime": 17.490160668750253,
        "pitch": 61
    },
    {
        "vol": 0.8188976377952756,
        "duration": 0.05898873750000888,
        "startTime": 17.544935925000257,
        "pitch": 74
    },
    {
        "vol": 0.8188976377952756,
        "duration": 0.1629212750000093,
        "startTime": 17.629205550000272,
        "pitch": 74
    },
    {
        "vol": 0.8188976377952756,
        "duration": 0.16292127500001996,
        "startTime": 17.79774480000028,
        "pitch": 74
    },
    {
        "vol": 0.7086614173228346,
        "duration": 0.06882019375001036,
        "startTime": 17.9522391125003,
        "pitch": 64
    },
    {
        "vol": 0.6062992125984252,
        "duration": 0.0898876000000115,
        "startTime": 17.9578570875003,
        "pitch": 57
    },
    {
        "vol": 0.8188976377952756,
        "duration": 0.1348314000000279,
        "startTime": 17.9662840500003,
        "pitch": 74
    },
    {
        "vol": 0.7952755905511811,
        "duration": 0.11235950000001793,
        "startTime": 17.9662840500003,
        "pitch": 64
    },
    {
        "vol": 0.7874015748031497,
        "duration": 0.11235950000001793,
        "startTime": 17.9662840500003,
        "pitch": 57
    },
    {
        "vol": 0.7874015748031497,
        "duration": 0.09269658750001497,
        "startTime": 17.9662840500003,
        "pitch": 61
    },
    {
        "vol": 0.6220472440944882,
        "duration": 0.11235950000001793,
        "startTime": 17.9662840500003,
        "pitch": 61
    },
    {
        "vol": 0.6299212598425197,
        "duration": 0.10533703125001992,
        "startTime": 17.9747110125003,
        "pitch": 64
    },
    {
        "vol": 0.7401574803149606,
        "duration": 1.5702240125001978,
        "startTime": 18.011227850000306,
        "pitch": 52
    },
    {
        "vol": 0.6535433070866141,
        "duration": 1.5926959125002043,
        "startTime": 18.011227850000306,
        "pitch": 61
    },
    {
        "vol": 0.8188976377952756,
        "duration": 0.13342690625001552,
        "startTime": 18.133418806250337,
        "pitch": 74
    },
    {
        "vol": 0.8346456692913385,
        "duration": 0.6404491500000766,
        "startTime": 18.137632287500338,
        "pitch": 66
    },
    {
        "vol": 0.8110236220472441,
        "duration": 0.47893236875005485,
        "startTime": 18.30617153750036,
        "pitch": 74
    },
    {
        "vol": 0.7322834645669292,
        "duration": 1.176965762500128,
        "startTime": 18.323025462500365,
        "pitch": 45
    },
    {
        "vol": 0.7086614173228346,
        "duration": 0.6376401625000696,
        "startTime": 18.803362325000418,
        "pitch": 64
    },
    {
        "vol": 0.8031496062992126,
        "duration": 0.4325840750000438,
        "startTime": 18.99437347500044,
        "pitch": 73
    },
    {
        "vol": 0.5433070866141733,
        "duration": 2.9241559875005123,
        "startTime": 19.48594628750049,
        "pitch": 47
    },
    {
        "vol": 0.7952755905511811,
        "duration": 0.5926963625000958,
        "startTime": 19.508418187500496,
        "pitch": 62
    },
    {
        "vol": 0.5905511811023622,
        "duration": 2.8033695250004946,
        "startTime": 19.5463395187505,
        "pitch": 54
    },
    {
        "vol": 0.6771653543307087,
        "duration": 2.8834256687505047,
        "startTime": 19.573024900000505,
        "pitch": 47
    },
    {
        "vol": 0.5826771653543307,
        "duration": 0.5140447125000875,
        "startTime": 19.587069837500504,
        "pitch": 59
    },
    {
        "vol": 0.6614173228346457,
        "duration": 1.141853418750209,
        "startTime": 19.63341813125051,
        "pitch": 62
    },
    {
        "vol": 0.8188976377952756,
        "duration": 0.6685390250001078,
        "startTime": 19.651676550000516,
        "pitch": 71
    },
    {
        "vol": 0.6062992125984252,
        "duration": 0.4269661000000724,
        "startTime": 19.67414845000052,
        "pitch": 66
    },
    {
        "vol": 0.5669291338582677,
        "duration": 2.7710661687504867,
        "startTime": 19.692406868750524,
        "pitch": 54
    },
    {
        "vol": 0.8582677165354331,
        "duration": 1.1264039875002005,
        "startTime": 19.69942933750053,
        "pitch": 71
    },
    {
        "vol": 0.6692913385826772,
        "duration": 2.370785450000408,
        "startTime": 19.747182125000535,
        "pitch": 71
    },
    {
        "vol": 0.6850393700787402,
        "duration": 1.6980329437502917,
        "startTime": 19.751395606250536,
        "pitch": 62
    },
    {
        "vol": 0.952755905511811,
        "duration": 0.6685390250001255,
        "startTime": 19.988755050000567,
        "pitch": 66
    },
    {
        "vol": 0.9448818897637795,
        "duration": 0.7865165000001539,
        "startTime": 19.988755050000567,
        "pitch": 59
    },
    {
        "vol": 0.9448818897637795,
        "duration": 2.134830500000376,
        "startTime": 19.988755050000567,
        "pitch": 62
    }
]
