[
    {
        "vol": 127, 
        "duration": 0.988004535, 
        "startTime": 0.0, 
        "pitch": 56
    }, 
    {
        "vol": 127, 
        "duration": 5.53399093, 
        "startTime": 0.0, 
        "pitch": 49
    }, 
    {
        "vol": 127, 
        "duration": 5.51399093, 
        "startTime": 0.0, 
        "pitch": 37
    }, 
    {
        "vol": 127, 
        "duration": 0.48401360500000007, 
        "startTime": 0.48399093, 
        "pitch": 61
    }, 
    {
        "vol": 127, 
        "duration": 0.42299319699999993, 
        "startTime": 0.968004535, 
        "pitch": 64
    }, 
    {
        "vol": 127, 
        "duration": 0.9270068029999998, 
        "startTime": 1.451995465, 
        "pitch": 56
    }, 
    {
        "vol": 127, 
        "duration": 0.5049886619999999, 
        "startTime": 1.935011338, 
        "pitch": 61
    }, 
    {
        "vol": 127, 
        "duration": 0.4939909290000002, 
        "startTime": 2.419002268, 
        "pitch": 64
    }, 
    {
        "vol": 127, 
        "duration": 0.9680045350000004, 
        "startTime": 2.902993197, 
        "pitch": 56
    }, 
    {
        "vol": 127, 
        "duration": 0.5039909290000004, 
        "startTime": 3.387006803, 
        "pitch": 61
    }, 
    {
        "vol": 127, 
        "duration": 0.36299319799999985, 
        "startTime": 3.870997732, 
        "pitch": 64
    }, 
    {
        "vol": 127, 
        "duration": 1.0889795920000003, 
        "startTime": 4.355011338, 
        "pitch": 56
    }, 
    {
        "vol": 127, 
        "duration": 0.9879818590000005, 
        "startTime": 4.355011338, 
        "pitch": 68
    }, 
    {
        "vol": 127, 
        "duration": 0.745986394, 
        "startTime": 4.839002268, 
        "pitch": 61
    }, 
    {
        "vol": 127, 
        "duration": 0.36199546500000057, 
        "startTime": 5.322993197, 
        "pitch": 64
    }, 
    {
        "vol": 127, 
        "duration": 0.13102040799999948, 
        "startTime": 5.564988662, 
        "pitch": 68
    }, 
    {
        "vol": 127, 
        "duration": 3.9019954650000006, 
        "startTime": 5.80600907, 
        "pitch": 68
    }, 
    {
        "vol": 127, 
        "duration": 5.645986389999999, 
        "startTime": 5.80600907, 
        "pitch": 36
    }, 
    {
        "vol": 127, 
        "duration": 5.60498866, 
        "startTime": 5.80600907, 
        "pitch": 48
    }, 
    {
        "vol": 127, 
        "duration": 0.614988662, 
        "startTime": 6.29, 
        "pitch": 63
    }, 
    {
        "vol": 127, 
        "duration": 0.4640136049999999, 
        "startTime": 6.77399093, 
        "pitch": 66
    }, 
    {
        "vol": 127, 
        "duration": 0.9780045349999993, 
        "startTime": 7.258004535, 
        "pitch": 56
    }, 
    {
        "vol": 127, 
        "duration": 1.0080045350000004, 
        "startTime": 7.741995465, 
        "pitch": 63
    }, 
    {
        "vol": 127, 
        "duration": 0.5239909300000001, 
        "startTime": 8.22600907, 
        "pitch": 66
    }, 
    {
        "vol": 127, 
        "duration": 0.9370068029999992, 
        "startTime": 8.71, 
        "pitch": 56
    }, 
    {
        "vol": 127, 
        "duration": 0.9670068, 
        "startTime": 9.19399093, 
        "pitch": 63
    }, 
    {
        "vol": 127, 
        "duration": 0.5039909270000003, 
        "startTime": 9.677006803, 
        "pitch": 66
    }, 
    {
        "vol": 127, 
        "duration": 1.0290022699999994, 
        "startTime": 10.16099773, 
        "pitch": 68
    }, 
    {
        "vol": 127, 
        "duration": 1.3109977300000004, 
        "startTime": 10.16099773, 
        "pitch": 56
    }, 
    {
        "vol": 127, 
        "duration": 0.837006800000001, 
        "startTime": 10.64498866, 
        "pitch": 63
    }, 
    {
        "vol": 127, 
        "duration": 0.39299318999999855, 
        "startTime": 11.12900227, 
        "pitch": 66
    }, 
    {
        "vol": 127, 
        "duration": 0.12099773000000091, 
        "startTime": 11.37099773, 
        "pitch": 68
    }
]