[
    {
        "vol": 127, 
        "duration": 0.988004535, 
        "startTime": 0.0, 
        "pitch": 56
    }, 
    {
        "vol": 127, 
        "duration": 5.53399093, 
        "startTime": 0.0, 
        "pitch": 49
    }, 
    {
        "vol": 127, 
        "duration": 5.51399093, 
        "startTime": 0.0, 
        "pitch": 37
    }, 
    {
        "vol": 127, 
        "duration": 0.48401360500000007, 
        "startTime": 0.48399093, 
        "pitch": 61
    }, 
    {
        "vol": 127, 
        "duration": 0.42299319699999993, 
        "startTime": 0.968004535, 
        "pitch": 64
    }, 
    {
        "vol": 127, 
        "duration": 0.9270068029999998, 
        "startTime": 1.451995465, 
        "pitch": 56
    }, 
    {
        "vol": 127, 
        "duration": 0.5049886619999999, 
        "startTime": 1.935011338, 
        "pitch": 61
    }, 
    {
        "vol": 127, 
        "duration": 0.4939909290000002, 
        "startTime": 2.419002268, 
        "pitch": 64
    }, 
    {
        "vol": 127, 
        "duration": 0.9680045350000004, 
        "startTime": 2.902993197, 
        "pitch": 56
    }, 
    {
        "vol": 127, 
        "duration": 0.5039909290000004, 
        "startTime": 3.387006803, 
        "pitch": 61
    }, 
    {
        "vol": 127, 
        "duration": 0.36299319799999985, 
        "startTime": 3.870997732, 
        "pitch": 64
    }, 
    {
        "vol": 127, 
        "duration": 1.0889795920000003, 
        "startTime": 4.355011338, 
        "pitch": 56
    }, 
    {
        "vol": 127, 
        "duration": 0.9879818590000005, 
        "startTime": 4.355011338, 
        "pitch": 68
    }, 
    {
        "vol": 127, 
        "duration": 0.745986394, 
        "startTime": 4.839002268, 
        "pitch": 61
    }, 
    {
        "vol": 127, 
        "duration": 0.36199546500000057, 
        "startTime": 5.322993197, 
        "pitch": 64
    }, 
    {
        "vol": 127, 
        "duration": 0.13102040799999948, 
        "startTime": 5.564988662, 
        "pitch": 68
    }, 
    {
        "vol": 127, 
        "duration": 3.9019954650000006, 
        "startTime": 5.80600907, 
        "pitch": 68
    }, 
    {
        "vol": 127, 
        "duration": 5.645986389999999, 
        "startTime": 5.80600907, 
        "pitch": 36
    }, 
    {
        "vol": 127, 
        "duration": 5.60498866, 
        "startTime": 5.80600907, 
        "pitch": 48
    }, 
    {
        "vol": 127, 
        "duration": 0.614988662, 
        "startTime": 6.29, 
        "pitch": 63
    }, 
    {
        "vol": 127, 
        "duration": 0.4640136049999999, 
        "startTime": 6.77399093, 
        "pitch": 66
    }, 
    {
        "vol": 127, 
        "duration": 0.9780045349999993, 
        "startTime": 7.258004535, 
        "pitch": 56
    }, 
    {
        "vol": 127, 
        "duration": 1.0080045350000004, 
        "startTime": 7.741995465, 
        "pitch": 63
    }, 
    {
        "vol": 127, 
        "duration": 0.5239909300000001, 
        "startTime": 8.22600907, 
        "pitch": 66
    }, 
    {
        "vol": 127, 
        "duration": 0.9370068029999992, 
        "startTime": 8.71, 
        "pitch": 56
    }, 
    {
        "vol": 127, 
        "duration": 0.9670068, 
        "startTime": 9.19399093, 
        "pitch": 63
    }, 
    {
        "vol": 127, 
        "duration": 0.5039909270000003, 
        "startTime": 9.677006803, 
        "pitch": 66
    }, 
    {
        "vol": 127, 
        "duration": 1.0290022699999994, 
        "startTime": 10.16099773, 
        "pitch": 68
    }, 
    {
        "vol": 127, 
        "duration": 1.3109977300000004, 
        "startTime": 10.16099773, 
        "pitch": 56
    }, 
    {
        "vol": 127, 
        "duration": 0.837006800000001, 
        "startTime": 10.64498866, 
        "pitch": 63
    }, 
    {
        "vol": 127, 
        "duration": 0.39299318999999855, 
        "startTime": 11.12900227, 
        "pitch": 66
    }, 
    {
        "vol": 127, 
        "duration": 0.12099773000000091, 
        "startTime": 11.37099773, 
        "pitch": 68
    }, 
    {
        "vol": 127, 
        "duration": 2.8430158700000003, 
        "startTime": 11.6129932, 
        "pitch": 68
    }, 
    {
        "vol": 127, 
        "duration": 0.9370068000000007, 
        "startTime": 11.6129932, 
        "pitch": 56
    }, 
    {
        "vol": 127, 
        "duration": 2.37900226, 
        "startTime": 11.6129932, 
        "pitch": 37
    }, 
    {
        "vol": 127, 
        "duration": 2.339002259999999, 
        "startTime": 11.6129932, 
        "pitch": 49
    }, 
    {
        "vol": 127, 
        "duration": 0.5339909299999999, 
        "startTime": 12.0970068, 
        "pitch": 61
    }, 
    {
        "vol": 127, 
        "duration": 0.4529931999999999, 
        "startTime": 12.58099773, 
        "pitch": 64
    }, 
    {
        "vol": 127, 
        "duration": 0.9770068000000016, 
        "startTime": 13.06498866, 
        "pitch": 56
    }, 
    {
        "vol": 127, 
        "duration": 0.5139909199999995, 
        "startTime": 13.54800454, 
        "pitch": 61
    }, 
    {
        "vol": 127, 
        "duration": 0.43401361000000094, 
        "startTime": 14.03199546, 
        "pitch": 64
    }, 
    {
        "vol": 127, 
        "duration": 2.4999999999999982, 
        "startTime": 14.51600907, 
        "pitch": 30
    }, 
    {
        "vol": 127, 
        "duration": 2.4700000000000006, 
        "startTime": 14.51600907, 
        "pitch": 42
    }, 
    {
        "vol": 127, 
        "duration": 0.9169841299999995, 
        "startTime": 14.51600907, 
        "pitch": 57
    }, 
    {
        "vol": 127, 
        "duration": 2.540000000000001, 
        "startTime": 14.51600907, 
        "pitch": 69
    }, 
    {
        "vol": 127, 
        "duration": 0.5950113399999992, 
        "startTime": 15.0, 
        "pitch": 61
    }, 
    {
        "vol": 127, 
        "duration": 0.45301587000000154, 
        "startTime": 15.48399093, 
        "pitch": 66
    }, 
    {
        "vol": 127, 
        "duration": 1.0280045299999987, 
        "startTime": 15.96800454, 
        "pitch": 57
    }, 
    {
        "vol": 127, 
        "duration": 0.9370068099999997, 
        "startTime": 16.45199546, 
        "pitch": 61
    }, 
    {
        "vol": 127, 
        "duration": 0.5549886599999994, 
        "startTime": 16.93501134, 
        "pitch": 66
    }, 
    {
        "vol": 127, 
        "duration": 2.4800000000000004, 
        "startTime": 17.41900227, 
        "pitch": 68
    }, 
    {
        "vol": 127, 
        "duration": 2.469999999999999, 
        "startTime": 17.41900227, 
        "pitch": 47
    }, 
    {
        "vol": 127, 
        "duration": 2.4800000000000004, 
        "startTime": 17.41900227, 
        "pitch": 35
    }, 
    {
        "vol": 127, 
        "duration": 0.9880045300000013, 
        "startTime": 17.41900227, 
        "pitch": 56
    }, 
    {
        "vol": 127, 
        "duration": 0.5040136000000004, 
        "startTime": 17.9029932, 
        "pitch": 59
    }, 
    {
        "vol": 127, 
        "duration": 0.4029931999999974, 
        "startTime": 18.3870068, 
        "pitch": 64
    }, 
    {
        "vol": 127, 
        "duration": 0.9980045400000002, 
        "startTime": 18.87099773, 
        "pitch": 56
    }, 
    {
        "vol": 127, 
        "duration": 0.6049886600000001, 
        "startTime": 19.35501134, 
        "pitch": 59
    }, 
    {
        "vol": 127, 
        "duration": 0.44299318999999926, 
        "startTime": 19.83900227, 
        "pitch": 64
    }, 
    {
        "vol": 127, 
        "duration": 1.3500000000000014, 
        "startTime": 20.3229932, 
        "pitch": 66
    }, 
    {
        "vol": 127, 
        "duration": 1.0880045299999992, 
        "startTime": 20.3229932, 
        "pitch": 57
    }, 
    {
        "vol": 127, 
        "duration": 2.59, 
        "startTime": 20.3229932, 
        "pitch": 35
    }, 
    {
        "vol": 127, 
        "duration": 2.580000000000002, 
        "startTime": 20.3229932, 
        "pitch": 47
    }, 
    {
        "vol": 127, 
        "duration": 0.6049886599999965, 
        "startTime": 20.80600907, 
        "pitch": 59
    }, 
    {
        "vol": 127, 
        "duration": 0.3729931999999998, 
        "startTime": 21.29, 
        "pitch": 63
    }, 
    {
        "vol": 127, 
        "duration": 0.12102040999999986, 
        "startTime": 21.77399093, 
        "pitch": 57
    }, 
    {
        "vol": 127, 
        "duration": 1.1190022699999993, 
        "startTime": 21.77399093, 
        "pitch": 71
    }, 
    {
        "vol": 127, 
        "duration": 0.7159863899999976, 
        "startTime": 22.25800454, 
        "pitch": 59
    }, 
    {
        "vol": 127, 
        "duration": 0.40299320000000094, 
        "startTime": 22.74199546, 
        "pitch": 63
    }, 
    {
        "vol": 127, 
        "duration": 5.3529932, 
        "startTime": 23.22600907, 
        "pitch": 40
    }, 
    {
        "vol": 127, 
        "duration": 5.362993200000002, 
        "startTime": 23.22600907, 
        "pitch": 52
    }, 
    {
        "vol": 127, 
        "duration": 0.6649886599999988, 
        "startTime": 23.22600907, 
        "pitch": 64
    }, 
    {
        "vol": 127, 
        "duration": 1.0579818600000017, 
        "startTime": 23.22600907, 
        "pitch": 56
    }, 
    {
        "vol": 127, 
        "duration": 0.5139909299999985, 
        "startTime": 23.71, 
        "pitch": 59
    }, 
    {
        "vol": 127, 
        "duration": 0.4730158700000011, 
        "startTime": 24.19399093, 
        "pitch": 64
    }, 
    {
        "vol": 127, 
        "duration": 1.0079818599999975, 
        "startTime": 24.6770068, 
        "pitch": 56
    }, 
    {
        "vol": 127, 
        "duration": 0.5750113400000032, 
        "startTime": 25.16099773, 
        "pitch": 59
    }, 
    {
        "vol": 127, 
        "duration": 0.49401360999999966, 
        "startTime": 25.64498866, 
        "pitch": 64
    }, 
    {
        "vol": 127, 
        "duration": 0.9070067999999978, 
        "startTime": 26.12900227, 
        "pitch": 56
    }, 
    {
        "vol": 127, 
        "duration": 0.5440136000000031, 
        "startTime": 26.6129932, 
        "pitch": 59
    }, 
    {
        "vol": 127, 
        "duration": 0.46299319999999966, 
        "startTime": 27.0970068, 
        "pitch": 64
    }, 
    {
        "vol": 127, 
        "duration": 1.0480045400000009, 
        "startTime": 27.58099773, 
        "pitch": 56
    }, 
    {
        "vol": 127, 
        "duration": 0.5750113399999996, 
        "startTime": 28.06399093, 
        "pitch": 59
    }, 
    {
        "vol": 127, 
        "duration": 0.4839909200000001, 
        "startTime": 28.54800454, 
        "pitch": 64
    }, 
    {
        "vol": 127, 
        "duration": 5.414013610000001, 
        "startTime": 29.03199546, 
        "pitch": 40
    }, 
    {
        "vol": 127, 
        "duration": 1.1190022699999993, 
        "startTime": 29.03199546, 
        "pitch": 55
    }, 
    {
        "vol": 127, 
        "duration": 5.3830158799999985, 
        "startTime": 29.03199546, 
        "pitch": 52
    }, 
    {
        "vol": 127, 
        "duration": 0.7159863900000012, 
        "startTime": 29.51600907, 
        "pitch": 59
    }, 
    {
        "vol": 127, 
        "duration": 0.44399092999999823, 
        "startTime": 30.0, 
        "pitch": 64
    }, 
    {
        "vol": 127, 
        "duration": 1.0080045299999973, 
        "startTime": 30.48399093, 
        "pitch": 55
    }, 
    {
        "vol": 127, 
        "duration": 0.6449886599999992, 
        "startTime": 30.96800454, 
        "pitch": 59
    }, 
    {
        "vol": 127, 
        "duration": 0.48301587999999995, 
        "startTime": 31.45199546, 
        "pitch": 64
    }, 
    {
        "vol": 127, 
        "duration": 1.0089795899999991, 
        "startTime": 31.93501134, 
        "pitch": 55
    }, 
    {
        "vol": 127, 
        "duration": 0.5349886600000033, 
        "startTime": 32.41900227, 
        "pitch": 59
    }, 
    {
        "vol": 127, 
        "duration": 0.4240136000000021, 
        "startTime": 32.9029932, 
        "pitch": 64
    }, 
    {
        "vol": 127, 
        "duration": 0.9579818599999967, 
        "startTime": 33.3870068, 
        "pitch": 67
    }, 
    {
        "vol": 127, 
        "duration": 1.2199999999999989, 
        "startTime": 33.3870068, 
        "pitch": 55
    }, 
    {
        "vol": 127, 
        "duration": 0.7160090699999984, 
        "startTime": 33.87099773, 
        "pitch": 59
    }, 
    {
        "vol": 127, 
        "duration": 0.43299320000000563, 
        "startTime": 34.35501134, 
        "pitch": 64
    }, 
    {
        "vol": 127, 
        "duration": 0.11099773999999485, 
        "startTime": 34.5970068, 
        "pitch": 67
    }, 
    {
        "vol": 127, 
        "duration": 5.3829931900000005, 
        "startTime": 34.83900227, 
        "pitch": 38
    }, 
    {
        "vol": 127, 
        "duration": 3.890997729999995, 
        "startTime": 34.83900227, 
        "pitch": 67
    }, 
    {
        "vol": 127, 
        "duration": 5.372993189999995, 
        "startTime": 34.83900227, 
        "pitch": 50
    }, 
    {
        "vol": 127, 
        "duration": 1.008004530000001, 
        "startTime": 34.83900227, 
        "pitch": 55
    }, 
    {
        "vol": 127, 
        "duration": 0.5740136000000007, 
        "startTime": 35.3229932, 
        "pitch": 59
    }, 
    {
        "vol": 127, 
        "duration": 0.44399092999999823, 
        "startTime": 35.80600907, 
        "pitch": 65
    }, 
    {
        "vol": 127, 
        "duration": 1.0080045400000017, 
        "startTime": 36.29, 
        "pitch": 55
    }, 
    {
        "vol": 127, 
        "duration": 0.5950113400000063, 
        "startTime": 36.77399093, 
        "pitch": 59
    }, 
    {
        "vol": 127, 
        "duration": 0.5649886599999974, 
        "startTime": 37.25800454, 
        "pitch": 65
    }, 
    {
        "vol": 127, 
        "duration": 1.0080045400000017, 
        "startTime": 37.74199546, 
        "pitch": 55
    }, 
    {
        "vol": 127, 
        "duration": 0.5339909299999945, 
        "startTime": 38.22600907, 
        "pitch": 59
    }, 
    {
        "vol": 127, 
        "duration": 0.45299320000000165, 
        "startTime": 38.71, 
        "pitch": 65
    }, 
    {
        "vol": 127, 
        "duration": 1.018004529999999, 
        "startTime": 39.19399093, 
        "pitch": 67
    }, 
    {
        "vol": 127, 
        "duration": 1.2600000000000051, 
        "startTime": 39.19399093, 
        "pitch": 55
    }, 
    {
        "vol": 127, 
        "duration": 0.6049886599999965, 
        "startTime": 39.6770068, 
        "pitch": 59
    }, 
    {
        "vol": 127, 
        "duration": 0.36299319999999824, 
        "startTime": 40.16099773, 
        "pitch": 65
    }, 
    {
        "vol": 127, 
        "duration": 0.1609977300000054, 
        "startTime": 40.4029932, 
        "pitch": 67
    }, 
    {
        "vol": 127, 
        "duration": 2.732018139999994, 
        "startTime": 40.64498866, 
        "pitch": 67
    }, 
    {
        "vol": 127, 
        "duration": 1.0890022699999946, 
        "startTime": 40.64498866, 
        "pitch": 55
    }, 
    {
        "vol": 127, 
        "duration": 1.2300226799999976, 
        "startTime": 40.64498866, 
        "pitch": 36
    }, 
    {
        "vol": 127, 
        "duration": 1.16900227, 
        "startTime": 40.64498866, 
        "pitch": 48
    }, 
    {
        "vol": 127, 
        "duration": 0.8570068000000006, 
        "startTime": 41.12900227, 
        "pitch": 60
    }, 
    {
        "vol": 127, 
        "duration": 0.3430158700000021, 
        "startTime": 41.6129932, 
        "pitch": 64
    }, 
    {
        "vol": 127, 
        "duration": 1.179002269999998, 
        "startTime": 42.0970068, 
        "pitch": 55
    }, 
    {
        "vol": 127, 
        "duration": 1.1490022699999969, 
        "startTime": 42.0970068, 
        "pitch": 47
    }, 
    {
        "vol": 127, 
        "duration": 1.1290022700000009, 
        "startTime": 42.0970068, 
        "pitch": 35
    }, 
    {
        "vol": 127, 
        "duration": 0.7460090699999995, 
        "startTime": 42.58099773, 
        "pitch": 60
    }, 
    {
        "vol": 127, 
        "duration": 0.36301586999999813, 
        "startTime": 43.06399093, 
        "pitch": 64
    }, 
    {
        "vol": 127, 
        "duration": 1.1700000000000017, 
        "startTime": 43.54800454, 
        "pitch": 67
    }, 
    {
        "vol": 127, 
        "duration": 1.0890022600000009, 
        "startTime": 43.54800454, 
        "pitch": 55
    }, 
    {
        "vol": 127, 
        "duration": 2.540997730000001, 
        "startTime": 43.54800454, 
        "pitch": 46
    }, 
    {
        "vol": 127, 
        "duration": 2.550997729999999, 
        "startTime": 43.54800454, 
        "pitch": 34
    }, 
    {
        "vol": 127, 
        "duration": 0.5750113400000032, 
        "startTime": 44.03199546, 
        "pitch": 61
    }, 
    {
        "vol": 127, 
        "duration": 0.37299319999999625, 
        "startTime": 44.51600907, 
        "pitch": 64
    }, 
    {
        "vol": 127, 
        "duration": 1.1890022700000031, 
        "startTime": 45.0, 
        "pitch": 54
    }, 
    {
        "vol": 127, 
        "duration": 1.3709977299999991, 
        "startTime": 45.0, 
        "pitch": 66
    }, 
    {
        "vol": 127, 
        "duration": 0.8060090700000018, 
        "startTime": 45.48399093, 
        "pitch": 61
    }, 
    {
        "vol": 127, 
        "duration": 0.3729931899999954, 
        "startTime": 45.96800454, 
        "pitch": 64
    }, 
    {
        "vol": 127, 
        "duration": 1.0480045400000009, 
        "startTime": 46.45199546, 
        "pitch": 54
    }, 
    {
        "vol": 127, 
        "duration": 2.5900000000000034, 
        "startTime": 46.45199546, 
        "pitch": 66
    }, 
    {
        "vol": 127, 
        "duration": 2.9129932000000025, 
        "startTime": 46.45199546, 
        "pitch": 47
    }, 
    {
        "vol": 127, 
        "duration": 2.9729931999999977, 
        "startTime": 46.45199546, 
        "pitch": 35
    }, 
    {
        "vol": 127, 
        "duration": 0.5249886599999982, 
        "startTime": 46.93501134, 
        "pitch": 59
    }, 
    {
        "vol": 127, 
        "duration": 0.4339909300000002, 
        "startTime": 47.41900227, 
        "pitch": 62
    }, 
    {
        "vol": 127, 
        "duration": 1.0690022600000049, 
        "startTime": 47.9029932, 
        "pitch": 54
    }, 
    {
        "vol": 127, 
        "duration": 0.6349886599999977, 
        "startTime": 48.3870068, 
        "pitch": 59
    }, 
    {
        "vol": 127, 
        "duration": 0.44299320000000364, 
        "startTime": 48.87099773, 
        "pitch": 62
    }, 
    {
        "vol": 127, 
        "duration": 1.0989795900000061, 
        "startTime": 49.35501134, 
        "pitch": 55
    }, 
    {
        "vol": 127, 
        "duration": 1.1089795900000041, 
        "startTime": 49.35501134, 
        "pitch": 67
    }, 
    {
        "vol": 127, 
        "duration": 1.3709977300000062, 
        "startTime": 49.35501134, 
        "pitch": 40
    }, 
    {
        "vol": 127, 
        "duration": 0.7049886599999979, 
        "startTime": 49.83900227, 
        "pitch": 59
    }, 
    {
        "vol": 127, 
        "duration": 0.44301587000000353, 
        "startTime": 50.3229932, 
        "pitch": 61
    }, 
    {
        "vol": 127, 
        "duration": 1.1599999999999966, 
        "startTime": 50.80600907, 
        "pitch": 52
    }, 
    {
        "vol": 127, 
        "duration": 1.098979589999999, 
        "startTime": 50.80600907, 
        "pitch": 64
    }, 
    {
        "vol": 127, 
        "duration": 1.5119954699999951, 
        "startTime": 50.80600907, 
        "pitch": 43
    }, 
    {
        "vol": 127, 
        "duration": 0.5650113399999981, 
        "startTime": 51.29, 
        "pitch": 59
    }, 
    {
        "vol": 127, 
        "duration": 0.44401361000000605, 
        "startTime": 51.77399093, 
        "pitch": 61
    }, 
    {
        "vol": 127, 
        "duration": 1.119002259999995, 
        "startTime": 52.25800454, 
        "pitch": 54
    }, 
    {
        "vol": 127, 
        "duration": 2.620997729999999, 
        "startTime": 52.25800454, 
        "pitch": 66
    }, 
    {
        "vol": 127, 
        "duration": 2.519999999999996, 
        "startTime": 52.25800454, 
        "pitch": 42
    }, 
    {
        "vol": 127, 
        "duration": 0.5640136100000035, 
        "startTime": 52.74199546, 
        "pitch": 59
    }, 
    {
        "vol": 127, 
        "duration": 0.4029931999999974, 
        "startTime": 53.22600907, 
        "pitch": 62
    }, 
    {
        "vol": 127, 
        "duration": 0.9980045399999966, 
        "startTime": 53.71, 
        "pitch": 54
    }, 
    {
        "vol": 127, 
        "duration": 0.5150113400000009, 
        "startTime": 54.1929932, 
        "pitch": 59
    }, 
    {
        "vol": 127, 
        "duration": 0.36299319999999824, 
        "startTime": 54.6770068, 
        "pitch": 62
    }, 
    {
        "vol": 127, 
        "duration": 0.8970068100000006, 
        "startTime": 55.16099773, 
        "pitch": 54
    }, 
    {
        "vol": 127, 
        "duration": 2.9029932000000045, 
        "startTime": 55.16099773, 
        "pitch": 66
    }, 
    {
        "vol": 127, 
        "duration": 2.379002270000001, 
        "startTime": 55.16099773, 
        "pitch": 42
    }, 
    {
        "vol": 127, 
        "duration": 2.379002270000001, 
        "startTime": 55.16099773, 
        "pitch": 30
    }, 
    {
        "vol": 127, 
        "duration": 0.9280045399999963, 
        "startTime": 55.64498866, 
        "pitch": 58
    }, 
    {
        "vol": 127, 
        "duration": 0.5039909300000005, 
        "startTime": 56.12900227, 
        "pitch": 61
    }, 
    {
        "vol": 127, 
        "duration": 1.038004530000002, 
        "startTime": 56.6129932, 
        "pitch": 54
    }, 
    {
        "vol": 127, 
        "duration": 0.5839909299999988, 
        "startTime": 57.0970068, 
        "pitch": 58
    }, 
    {
        "vol": 127, 
        "duration": 0.4940136100000032, 
        "startTime": 57.58099773, 
        "pitch": 61
    }, 
    {
        "vol": 127, 
        "duration": 6.865011339999995, 
        "startTime": 58.06399093, 
        "pitch": 47
    }, 
    {
        "vol": 127, 
        "duration": 6.85501133999999, 
        "startTime": 58.06399093, 
        "pitch": 35
    }, 
    {
        "vol": 127, 
        "duration": 0.9680045299999946, 
        "startTime": 58.06399093, 
        "pitch": 59
    }, 
    {
        "vol": 127, 
        "duration": 0.5039909199999997, 
        "startTime": 58.54800454, 
        "pitch": 62
    }, 
    {
        "vol": 127, 
        "duration": 0.5140136099999992, 
        "startTime": 59.03199546, 
        "pitch": 66
    }, 
    {
        "vol": 127, 
        "duration": 0.9379818600000007, 
        "startTime": 59.51600907, 
        "pitch": 59
    }, 
    {
        "vol": 127, 
        "duration": 0.5639909300000028, 
        "startTime": 60.0, 
        "pitch": 62
    }, 
    {
        "vol": 127, 
        "duration": 0.4840136100000052, 
        "startTime": 60.48399093, 
        "pitch": 66
    }, 
    {
        "vol": 127, 
        "duration": 0.9470067999999969, 
        "startTime": 60.96800454, 
        "pitch": 59
    }, 
    {
        "vol": 127, 
        "duration": 0.6750113399999975, 
        "startTime": 61.45199546, 
        "pitch": 63
    }, 
    {
        "vol": 127, 
        "duration": 0.4839909299999974, 
        "startTime": 61.93501134, 
        "pitch": 66
    }, 
    {
        "vol": 127, 
        "duration": 1.0290022699999994, 
        "startTime": 62.41900227, 
        "pitch": 59
    }, 
    {
        "vol": 127, 
        "duration": 1.1290022700000009, 
        "startTime": 62.41900227, 
        "pitch": 71
    }, 
    {
        "vol": 127, 
        "duration": 0.7260090700000035, 
        "startTime": 62.9029932, 
        "pitch": 63
    }, 
    {
        "vol": 127, 
        "duration": 0.3329931999999971, 
        "startTime": 63.3870068, 
        "pitch": 66
    }, 
    {
        "vol": 127, 
        "duration": 1.1290022700000009, 
        "startTime": 63.87099773, 
        "pitch": 59
    }, 
    {
        "vol": 127, 
        "duration": 4.1429932000000065, 
        "startTime": 63.87099773, 
        "pitch": 72
    }, 
    {
        "vol": 127, 
        "duration": 0.9879818599999908, 
        "startTime": 64.35501134, 
        "pitch": 64
    }, 
    {
        "vol": 127, 
        "duration": 0.4839909300000045, 
        "startTime": 64.83900227, 
        "pitch": 67
    }, 
    {
        "vol": 127, 
        "duration": 1.139002259999998, 
        "startTime": 65.3229932, 
        "pitch": 59
    }, 
    {
        "vol": 127, 
        "duration": 1.1690022599999992, 
        "startTime": 65.3229932, 
        "pitch": 40
    }, 
    {
        "vol": 127, 
        "duration": 1.2090022600000054, 
        "startTime": 65.3229932, 
        "pitch": 52
    }, 
    {
        "vol": 127, 
        "duration": 0.8869841300000019, 
        "startTime": 65.80600907, 
        "pitch": 64
    }, 
    {
        "vol": 127, 
        "duration": 0.44399092999999823, 
        "startTime": 66.29, 
        "pitch": 67
    }, 
    {
        "vol": 127, 
        "duration": 1.210000000000008, 
        "startTime": 66.77399093, 
        "pitch": 59
    }, 
    {
        "vol": 127, 
        "duration": 1.0490022700000026, 
        "startTime": 66.77399093, 
        "pitch": 55
    }, 
    {
        "vol": 127, 
        "duration": 1.0790022700000037, 
        "startTime": 66.77399093, 
        "pitch": 43
    }, 
    {
        "vol": 127, 
        "duration": 0.7259863900000028, 
        "startTime": 67.25800454, 
        "pitch": 64
    }, 
    {
        "vol": 127, 
        "duration": 0.38299320000000137, 
        "startTime": 67.74199546, 
        "pitch": 67
    }, 
    {
        "vol": 127, 
        "duration": 1.269999999999996, 
        "startTime": 68.22600907, 
        "pitch": 59
    }, 
    {
        "vol": 127, 
        "duration": 1.3100000000000023, 
        "startTime": 68.22600907, 
        "pitch": 70
    }, 
    {
        "vol": 127, 
        "duration": 1.047981859999993, 
        "startTime": 68.22600907, 
        "pitch": 52
    }, 
    {
        "vol": 127, 
        "duration": 1.0879818599999993, 
        "startTime": 68.22600907, 
        "pitch": 40
    }, 
    {
        "vol": 127, 
        "duration": 0.7660090700000097, 
        "startTime": 68.71, 
        "pitch": 64
    }, 
    {
        "vol": 127, 
        "duration": 0.404013599999999, 
        "startTime": 69.1929932, 
        "pitch": 67
    }, 
    {
        "vol": 127, 
        "duration": 6.895986399999998, 
        "startTime": 69.6770068, 
        "pitch": 35
    }, 
    {
        "vol": 127, 
        "duration": 6.895986399999998, 
        "startTime": 69.6770068, 
        "pitch": 47
    }, 
    {
        "vol": 127, 
        "duration": 1.0590022699999935, 
        "startTime": 69.6770068, 
        "pitch": 59
    }, 
    {
        "vol": 127, 
        "duration": 4.1029932, 
        "startTime": 69.6770068, 
        "pitch": 71
    }, 
    {
        "vol": 127, 
        "duration": 0.9280045399999892, 
        "startTime": 70.16099773, 
        "pitch": 63
    }, 
    {
        "vol": 127, 
        "duration": 0.4030158799999981, 
        "startTime": 70.64498866, 
        "pitch": 66
    }, 
    {
        "vol": 127, 
        "duration": 0.9880045299999978, 
        "startTime": 71.12900227, 
        "pitch": 59
    }, 
    {
        "vol": 127, 
        "duration": 0.9680045300000018, 
        "startTime": 71.6129932, 
        "pitch": 63
    }, 
    {
        "vol": 127, 
        "duration": 0.5039909300000005, 
        "startTime": 72.0970068, 
        "pitch": 66
    }, 
    {
        "vol": 127, 
        "duration": 0.9670068099999867, 
        "startTime": 72.58099773, 
        "pitch": 59
    }, 
    {
        "vol": 127, 
        "duration": 0.5950113399999992, 
        "startTime": 73.06399093, 
        "pitch": 63
    }, 
    {
        "vol": 127, 
        "duration": 0.39299319000001276, 
        "startTime": 73.54800454, 
        "pitch": 66
    }, 
    {
        "vol": 127, 
        "duration": 1.0890022699999946, 
        "startTime": 74.03199546, 
        "pitch": 59
    }, 
    {
        "vol": 127, 
        "duration": 1.2909977399999946, 
        "startTime": 74.03199546, 
        "pitch": 71
    }, 
    {
        "vol": 127, 
        "duration": 0.765986390000009, 
        "startTime": 74.51600907, 
        "pitch": 63
    }, 
    {
        "vol": 127, 
        "duration": 0.3929932000000065, 
        "startTime": 75.0, 
        "pitch": 66
    }, 
    {
        "vol": 127, 
        "duration": 4.072018139999997, 
        "startTime": 75.48399093, 
        "pitch": 72
    }, 
    {
        "vol": 127, 
        "duration": 1.068004529999996, 
        "startTime": 75.48399093, 
        "pitch": 59
    }, 
    {
        "vol": 127, 
        "duration": 0.9270068000000009, 
        "startTime": 75.96800454, 
        "pitch": 64
    }, 
    {
        "vol": 127, 
        "duration": 0.504013609999987, 
        "startTime": 76.45199546, 
        "pitch": 67
    }, 
    {
        "vol": 127, 
        "duration": 1.088979589999994, 
        "startTime": 76.93501134, 
        "pitch": 59
    }, 
    {
        "vol": 127, 
        "duration": 1.088979589999994, 
        "startTime": 76.93501134, 
        "pitch": 52
    }, 
    {
        "vol": 127, 
        "duration": 1.0489795900000018, 
        "startTime": 76.93501134, 
        "pitch": 40
    }, 
    {
        "vol": 127, 
        "duration": 0.9280045300000097, 
        "startTime": 77.41900227, 
        "pitch": 64
    }, 
    {
        "vol": 127, 
        "duration": 0.5240136000000035, 
        "startTime": 77.9029932, 
        "pitch": 67
    }, 
    {
        "vol": 127, 
        "duration": 1.1090022700000048, 
        "startTime": 78.3870068, 
        "pitch": 59
    }, 
    {
        "vol": 127, 
        "duration": 1.0179818600000061, 
        "startTime": 78.3870068, 
        "pitch": 55
    }, 
    {
        "vol": 127, 
        "duration": 1.048004540000008, 
        "startTime": 78.3870068, 
        "pitch": 43
    }, 
    {
        "vol": 127, 
        "duration": 0.8060090700000018, 
        "startTime": 78.87099773, 
        "pitch": 64
    }, 
    {
        "vol": 127, 
        "duration": 0.4129932000000025, 
        "startTime": 79.35501134, 
        "pitch": 67
    }, 
    {
        "vol": 127, 
        "duration": 1.2290022700000094, 
        "startTime": 79.83900227, 
        "pitch": 59
    }, 
    {
        "vol": 127, 
        "duration": 1.3299999999999983, 
        "startTime": 79.83900227, 
        "pitch": 70
    }, 
    {
        "vol": 127, 
        "duration": 1.0780045300000012, 
        "startTime": 79.83900227, 
        "pitch": 52
    }, 
    {
        "vol": 127, 
        "duration": 1.0980045300000114, 
        "startTime": 79.83900227, 
        "pitch": 40
    }, 
    {
        "vol": 127, 
        "duration": 0.7660090699999955, 
        "startTime": 80.3229932, 
        "pitch": 64
    }, 
    {
        "vol": 127, 
        "duration": 0.403990929999992, 
        "startTime": 80.80600907, 
        "pitch": 67
    }, 
    {
        "vol": 127, 
        "duration": 2.4499999999999886, 
        "startTime": 81.29, 
        "pitch": 35
    }, 
    {
        "vol": 127, 
        "duration": 2.3790022699999867, 
        "startTime": 81.29, 
        "pitch": 47
    }, 
    {
        "vol": 127, 
        "duration": 2.711995459999997, 
        "startTime": 81.29, 
        "pitch": 71
    }, 
    {
        "vol": 127, 
        "duration": 0.9580045399999904, 
        "startTime": 81.29, 
        "pitch": 59
    }, 
    {
        "vol": 127, 
        "duration": 0.9380045300000006, 
        "startTime": 81.77399093, 
        "pitch": 63
    }, 
    {
        "vol": 127, 
        "duration": 0.5139909199999977, 
        "startTime": 82.25800454, 
        "pitch": 66
    }, 
    {
        "vol": 127, 
        "duration": 1.0990022699999997, 
        "startTime": 82.74199546, 
        "pitch": 59
    }, 
    {
        "vol": 127, 
        "duration": 0.8259863899999971, 
        "startTime": 83.22600907, 
        "pitch": 63
    }, 
    {
        "vol": 127, 
        "duration": 0.3619954600000028, 
        "startTime": 83.71, 
        "pitch": 66
    }, 
    {
        "vol": 127, 
        "duration": 2.742018139999999, 
        "startTime": 84.1929932, 
        "pitch": 71
    }, 
    {
        "vol": 127, 
        "duration": 0.9980045300000029, 
        "startTime": 84.1929932, 
        "pitch": 59
    }, 
    {
        "vol": 127, 
        "duration": 2.450000000000003, 
        "startTime": 84.1929932, 
        "pitch": 44
    }, 
    {
        "vol": 127, 
        "duration": 2.469999999999999, 
        "startTime": 84.1929932, 
        "pitch": 32
    }, 
    {
        "vol": 127, 
        "duration": 0.5949886599999985, 
        "startTime": 84.6770068, 
        "pitch": 62
    }, 
    {
        "vol": 127, 
        "duration": 0.44399092999999823, 
        "startTime": 85.16099773, 
        "pitch": 65
    }, 
    {
        "vol": 127, 
        "duration": 1.048004540000008, 
        "startTime": 85.64498866, 
        "pitch": 59
    }, 
    {
        "vol": 127, 
        "duration": 0.7660090699999955, 
        "startTime": 86.12900227, 
        "pitch": 62
    }, 
    {
        "vol": 127, 
        "duration": 0.4030158699999902, 
        "startTime": 86.6129932, 
        "pitch": 65
    }, 
    {
        "vol": 127, 
        "duration": 2.3690022699999957, 
        "startTime": 87.0970068, 
        "pitch": 29
    }, 
    {
        "vol": 127, 
        "duration": 2.327981859999994, 
        "startTime": 87.0970068, 
        "pitch": 41
    }, 
    {
        "vol": 127, 
        "duration": 2.5999999999999943, 
        "startTime": 87.0970068, 
        "pitch": 71
    }, 
    {
        "vol": 127, 
        "duration": 0.9269841299999939, 
        "startTime": 87.0970068, 
        "pitch": 59
    }, 
    {
        "vol": 127, 
        "duration": 0.5540136099999984, 
        "startTime": 87.58099773, 
        "pitch": 61
    }, 
    {
        "vol": 127, 
        "duration": 0.43401360999999383, 
        "startTime": 88.06399093, 
        "pitch": 68
    }, 
    {
        "vol": 127, 
        "duration": 1.008004530000008, 
        "startTime": 88.54800454, 
        "pitch": 59
    }, 
    {
        "vol": 127, 
        "duration": 0.9180045399999983, 
        "startTime": 89.03199546, 
        "pitch": 61
    }, 
    {
        "vol": 127, 
        "duration": 0.4339909300000073, 
        "startTime": 89.51600907, 
        "pitch": 68
    }, 
    {
        "vol": 127, 
        "duration": 2.5400000000000063, 
        "startTime": 90.0, 
        "pitch": 69
    }, 
    {
        "vol": 127, 
        "duration": 0.9470067999999969, 
        "startTime": 90.0, 
        "pitch": 57
    }, 
    {
        "vol": 127, 
        "duration": 2.530000000000001, 
        "startTime": 90.0, 
        "pitch": 30
    }, 
    {
        "vol": 127, 
        "duration": 2.530000000000001, 
        "startTime": 90.0, 
        "pitch": 42
    }, 
    {
        "vol": 127, 
        "duration": 0.6550113400000015, 
        "startTime": 90.48399093, 
        "pitch": 61
    }, 
    {
        "vol": 127, 
        "duration": 0.46299319000000594, 
        "startTime": 90.96800454, 
        "pitch": 66
    }, 
    {
        "vol": 127, 
        "duration": 1.0080045399999875, 
        "startTime": 91.45199546, 
        "pitch": 57
    }, 
    {
        "vol": 127, 
        "duration": 0.9779818599999999, 
        "startTime": 91.93501134, 
        "pitch": 61
    }, 
    {
        "vol": 127, 
        "duration": 0.45399093000000335, 
        "startTime": 92.41900227, 
        "pitch": 66
    }, 
    {
        "vol": 127, 
        "duration": 2.580997730000007, 
        "startTime": 92.9029932, 
        "pitch": 47
    }, 
    {
        "vol": 127, 
        "duration": 0.9980045300000029, 
        "startTime": 92.9029932, 
        "pitch": 55
    }, 
    {
        "vol": 127, 
        "duration": 2.519999999999996, 
        "startTime": 92.9029932, 
        "pitch": 67
    }, 
    {
        "vol": 127, 
        "duration": 2.5400000000000063, 
        "startTime": 92.9029932, 
        "pitch": 35
    }, 
    {
        "vol": 127, 
        "duration": 0.7159864000000056, 
        "startTime": 93.3870068, 
        "pitch": 59
    }, 
    {
        "vol": 127, 
        "duration": 0.5040136100000012, 
        "startTime": 93.87099773, 
        "pitch": 62
    }, 
    {
        "vol": 127, 
        "duration": 1.027981859999997, 
        "startTime": 94.35501134, 
        "pitch": 55
    }, 
    {
        "vol": 127, 
        "duration": 0.765986390000009, 
        "startTime": 94.83900227, 
        "pitch": 59
    }, 
    {
        "vol": 127, 
        "duration": 0.4040136100000069, 
        "startTime": 95.32199546, 
        "pitch": 62
    }, 
    {
        "vol": 127, 
        "duration": 3.0139909299999914, 
        "startTime": 95.80600907, 
        "pitch": 36
    }, 
    {
        "vol": 127, 
        "duration": 1.007981860000001, 
        "startTime": 95.80600907, 
        "pitch": 54
    }, 
    {
        "vol": 127, 
        "duration": 2.681995470000004, 
        "startTime": 95.80600907, 
        "pitch": 66
    }, 
    {
        "vol": 127, 
        "duration": 2.812993199999994, 
        "startTime": 95.80600907, 
        "pitch": 48
    }, 
    {
        "vol": 127, 
        "duration": 0.5139909299999914, 
        "startTime": 96.29, 
        "pitch": 57
    }, 
    {
        "vol": 127, 
        "duration": 0.4840136100000052, 
        "startTime": 96.77399093, 
        "pitch": 63
    }, 
    {
        "vol": 127, 
        "duration": 1.04800453, 
        "startTime": 97.25800454, 
        "pitch": 54
    }, 
    {
        "vol": 127, 
        "duration": 0.4840136100000052, 
        "startTime": 97.74199546, 
        "pitch": 57
    }, 
    {
        "vol": 127, 
        "duration": 0.4029931999999974, 
        "startTime": 98.22600907, 
        "pitch": 63
    }, 
    {
        "vol": 127, 
        "duration": 2.700997700000002, 
        "startTime": 98.71, 
        "pitch": 37
    }, 
    {
        "vol": 127, 
        "duration": 2.5800000000000125, 
        "startTime": 98.71, 
        "pitch": 61
    }, 
    {
        "vol": 127, 
        "duration": 1.028004540000012, 
        "startTime": 98.71, 
        "pitch": 49
    }, 
    {
        "vol": 127, 
        "duration": 0.7670067999999901, 
        "startTime": 99.1929932, 
        "pitch": 54
    }, 
    {
        "vol": 127, 
        "duration": 0.4839908999999949, 
        "startTime": 99.6770068, 
        "pitch": 57
    }, 
    {
        "vol": 127, 
        "duration": 0.9680046000000004, 
        "startTime": 100.1609977, 
        "pitch": 49
    }, 
    {
        "vol": 127, 
        "duration": 0.6450113000000073, 
        "startTime": 100.6449887, 
        "pitch": 54
    }, 
    {
        "vol": 127, 
        "duration": 0.38299320000000137, 
        "startTime": 101.1290023, 
        "pitch": 57
    }, 
    {
        "vol": 127, 
        "duration": 0.9880044999999882, 
        "startTime": 101.6129932, 
        "pitch": 49
    }, 
    {
        "vol": 127, 
        "duration": 2.9030158999999998, 
        "startTime": 101.6129932, 
        "pitch": 37
    }, 
    {
        "vol": 127, 
        "duration": 2.509999999999991, 
        "startTime": 101.6129932, 
        "pitch": 61
    }, 
    {
        "vol": 127, 
        "duration": 0.9879818999999941, 
        "startTime": 102.0970068, 
        "pitch": 54
    }, 
    {
        "vol": 127, 
        "duration": 0.5439910000000054, 
        "startTime": 102.5809977, 
        "pitch": 56
    }, 
    {
        "vol": 127, 
        "duration": 0.8980046000000073, 
        "startTime": 103.0639909, 
        "pitch": 49
    }, 
    {
        "vol": 127, 
        "duration": 0.48399099999998896, 
        "startTime": 103.5480045, 
        "pitch": 53
    }, 
    {
        "vol": 127, 
        "duration": 0.5140136000000126, 
        "startTime": 104.0319955, 
        "pitch": 56
    }, 
    {
        "vol": 127, 
        "duration": 5.372993199999996, 
        "startTime": 104.5160091, 
        "pitch": 30
    }, 
    {
        "vol": 127, 
        "duration": 1.0379817999999972, 
        "startTime": 104.5160091, 
        "pitch": 54
    }, 
    {
        "vol": 127, 
        "duration": 5.402993199999997, 
        "startTime": 104.5160091, 
        "pitch": 42
    }
]